,px,black spot,scratch,wool,all
0,0.0,0.018740926488055955,0.014734206471494605,0.010097665949346132,0.014524266302965563
1,0.001001001001001001,0.018740926488055955,0.014734206471494605,0.010097665949346132,0.014524266302965563
2,0.002002002002002002,0.018740926488055955,0.014734206471494605,0.010097665949346132,0.014524266302965563
3,0.003003003003003003,0.018740926488055955,0.014734206471494605,0.010097665949346132,0.014524266302965563
4,0.004004004004004004,0.018763097515888318,0.014744789671029504,0.010101275834145487,0.01453638767368777
5,0.005005005005005005,0.020329577408445855,0.015345427386869951,0.010609188657910381,0.015428064484408732
6,0.006006006006006006,0.02522666935015905,0.01710364148907103,0.013168800818567805,0.01849970388593263
7,0.007007007007007007,0.030976754867158552,0.019078299882982087,0.01750268068786695,0.022519245146002526
8,0.008008008008008008,0.03856157935958257,0.021272389804331764,0.021216257563060448,0.02701674224232493
9,0.009009009009009009,0.045264065753597434,0.02349997079764506,0.023367698587797917,0.030710578379680137
10,0.01001001001001001,0.05172104829232283,0.025742419234624923,0.02459760513871421,0.034020357555220655
11,0.011011011011011011,0.056931389188786374,0.027764014802640916,0.025482619947152816,0.0367260079795267
12,0.012012012012012012,0.06182074844895706,0.029821867203527377,0.02615319986991012,0.039265271840798185
13,0.013013013013013013,0.06624379468540666,0.03168294185221932,0.026764956904586003,0.04156389781407066
14,0.014014014014014014,0.07110880927306441,0.03339561617169725,0.027473476803156916,0.04399263408263953
15,0.015015015015015015,0.07565275825686517,0.03515223562884419,0.028257099776835642,0.04635403122084833
16,0.016016016016016016,0.07957202424829257,0.0367695937254906,0.02907173752615957,0.04847111849998092
17,0.017017017017017015,0.08401265460971037,0.03860982834235904,0.03007834770674018,0.050900276886269864
18,0.018018018018018018,0.08833357454871005,0.040352966740455125,0.030993197880155407,0.05322657972310687
19,0.01901901901901902,0.09299716662522158,0.042424246171410315,0.03208998309343946,0.05583713196335712
20,0.02002002002002002,0.0979313951805195,0.044567503048752295,0.03333486752330197,0.058611255250857926
21,0.02102102102102102,0.10246481639161428,0.04682706001364031,0.03477487019612011,0.06135558220045823
22,0.022022022022022022,0.10732148510994013,0.04924162355822302,0.03623682118643322,0.06426664328486546
23,0.023023023023023025,0.11150134985751894,0.05158415288515068,0.03792248463751007,0.06700266246005991
24,0.024024024024024024,0.11613070110980253,0.0544239903381386,0.03989801780232492,0.07015090308342202
25,0.025025025025025023,0.1205781012790673,0.05723563182960319,0.04183109895662831,0.07321494402176627
26,0.026026026026026026,0.12502259015534548,0.060028371755235524,0.044149067307527885,0.07640000973936963
27,0.02702702702702703,0.13017436907811827,0.06318803270946799,0.04688398845406417,0.08008213008055014
28,0.028028028028028028,0.13480682371033378,0.0662378044498371,0.049646343552717014,0.0835636572376293
29,0.029029029029029027,0.13886591261803904,0.06941705885465911,0.052688189117385154,0.0869903868633611
30,0.03003003003003003,0.14298387999565237,0.07266271916283829,0.05584433189028386,0.09049697701625818
31,0.031031031031031032,0.14854818909195475,0.07610354708774875,0.05937119909485038,0.09467431175818462
32,0.03203203203203203,0.15226354515662344,0.0792092095006944,0.06275760805456566,0.09807678757062784
33,0.03303303303303303,0.15735931692152794,0.08284181561951631,0.06644890186571288,0.10221667813558571
34,0.03403403403403403,0.16196705204237735,0.08676208107348325,0.07046147949074621,0.10639687086886894
35,0.035035035035035036,0.1659376874081222,0.09019934296734126,0.07425929949969254,0.11013210995838534
36,0.036036036036036036,0.1691188243713314,0.0948664976889198,0.07824940131282664,0.11407824112435928
37,0.037037037037037035,0.17161791615319683,0.09931243555015372,0.08207269479325466,0.11766768216553507
38,0.03803803803803804,0.17715165342994404,0.1034882829592713,0.08625739067004273,0.1222991090197527
39,0.03903903903903904,0.18132061738947228,0.10724589034220172,0.09002930146708013,0.12619860306625139
40,0.04004004004004004,0.185081168182738,0.11185617306439337,0.09424367944839876,0.13039367356517673
41,0.04104104104104104,0.19061925122789705,0.11576048951193726,0.09781805249020217,0.13473259774334548
42,0.04204204204204204,0.19533373802168172,0.12168531336850465,0.10148203993080386,0.1395003637736634
43,0.043043043043043044,0.19959584101417419,0.12692591758729174,0.10567793662328429,0.14406656507491675
44,0.044044044044044044,0.20426078463596786,0.13157961820758945,0.10893396207652396,0.14825812164002708
45,0.04504504504504504,0.2089423678968632,0.13519195309892457,0.11279151099166573,0.1523086106624845
46,0.04604604604604605,0.21564234706815993,0.1403041768677488,0.11629544195298896,0.15741398862963257
47,0.04704704704704705,0.22023440255511226,0.1456319521771161,0.11949724099515378,0.16178786524246072
48,0.04804804804804805,0.22653263671316962,0.1506551178226454,0.1230747566873685,0.16675417040772786
49,0.04904904904904905,0.23021908153125245,0.15654608157790842,0.12643853792402604,0.17106790034439565
50,0.050050050050050046,0.23441656826037313,0.16361796825798164,0.13001463746321695,0.17601639132719057
51,0.05105105105105105,0.2376966371170078,0.16913448701401973,0.13334836191871893,0.1800598286832488
52,0.05205205205205205,0.24239448111937714,0.1772815954599595,0.1368833486777988,0.18551980841904514
53,0.05305305305305305,0.2468791241015775,0.18263534166944734,0.13973579565697747,0.18975008714266742
54,0.05405405405405406,0.2496257146618429,0.1901855475818139,0.14332419765866486,0.19437848663410726
55,0.055055055055055056,0.25282424363820327,0.19531139442551587,0.14647465366303083,0.19820343057558332
56,0.056056056056056056,0.2564386254934574,0.20283999556157137,0.1497611761160927,0.20301326572370715
57,0.057057057057057055,0.2611652809014768,0.208631004523924,0.15322539151339776,0.20767389231293285
58,0.058058058058058054,0.26470202702374757,0.2141390664095968,0.155644086667329,0.21149506003355778
59,0.05905905905905906,0.2683437093823328,0.22166514503575216,0.15847867029241186,0.21616250823683228
60,0.06006006006006006,0.27310737588216616,0.22835889447653931,0.1613105207670201,0.22092559704190853
61,0.06106106106106106,0.27651788172882785,0.23726132887337886,0.16382730501755083,0.2258688385399192
62,0.062062062062062065,0.2804245344021145,0.24470003434950074,0.1664621324199086,0.23052890039050797
63,0.06306306306306306,0.2837527532823816,0.25128647742704935,0.16936564983878513,0.23480162684940534
64,0.06406406406406406,0.2881864253574734,0.2571505100022544,0.17140738879091305,0.23891477471688027
65,0.06506506506506507,0.2923539245837479,0.2649268098033975,0.17435580108949525,0.24387884515888023
66,0.06606606606606606,0.2946479727597093,0.2716015781066201,0.17680483904135633,0.24768479663589527
67,0.06706706706706707,0.30007936487376435,0.27887695099856447,0.17904850392309096,0.2526682732651399
68,0.06806806806806806,0.3027348968226231,0.2860136658830782,0.18177738165943336,0.2568419814550449
69,0.06906906906906907,0.3063891633250916,0.29324213612675815,0.18435375202586837,0.2613283504925727
70,0.07007007007007007,0.31148715680552846,0.29804331525013245,0.18732132164872492,0.2656172645681286
71,0.07107107107107107,0.3145305095648769,0.3058790011553673,0.19015549865476433,0.2701883364583362
72,0.07207207207207207,0.31914204436111565,0.31208759715126116,0.19233419327382148,0.2745212782620661
73,0.07307307307307308,0.3247808704887856,0.3196827990639549,0.19436001154179855,0.2796078936981797
74,0.07407407407407407,0.32660351126758186,0.32611552744812095,0.1964234936715661,0.2830475107957563
75,0.07507507507507508,0.33103365891108716,0.334559922091896,0.1987940614413089,0.28812921414809733
76,0.07607607607607608,0.3336765265136743,0.3403171073091145,0.2013374718603815,0.2917770352277234
77,0.07707707707707707,0.33734405897437797,0.34542138587601484,0.20393680525389346,0.2955674167014288
78,0.07807807807807808,0.33954123560589566,0.35310946843439817,0.20560665675690543,0.2994191202657331
79,0.07907907907907907,0.341192541573246,0.35857969691887986,0.20777465921349447,0.30251563256854014
80,0.08008008008008008,0.34406623616743537,0.3645154035607798,0.20944051784953416,0.3060073858592498
81,0.08108108108108109,0.3481496812127694,0.3707969721861375,0.21239324683604507,0.31044663341165063
82,0.08208208208208208,0.35161696399340203,0.37854097750944415,0.21456091625661908,0.3149062859198218
83,0.08308308308308308,0.3557794279638732,0.3841376370198898,0.21628997734789154,0.3187356807772182
84,0.08408408408408408,0.3603158039970136,0.3884076478944942,0.2186073711667528,0.3224436076860869
85,0.08508508508508508,0.36169076401222733,0.39277062402585355,0.2200007802256595,0.3248207227545801
86,0.08608608608608609,0.36505866124952574,0.4016804775748335,0.22148451788201984,0.329407885568793
87,0.08708708708708708,0.36770882647221687,0.4053036285700448,0.22434888230996122,0.33245377911740764
88,0.08808808808808809,0.36990839870877523,0.4121445458866186,0.2262013433552576,0.3360847626502172
89,0.0890890890890891,0.37306325880622615,0.41817718211783605,0.22859515573636494,0.339945198886809
90,0.09009009009009009,0.3772110430159219,0.42238473101214485,0.23110028954316808,0.3435653545237449
91,0.09109109109109109,0.38046374687634343,0.4272450518329864,0.23287887228498752,0.3468625569981058
92,0.0920920920920921,0.38406681440702967,0.43221849179487426,0.23599251105307856,0.3507592724183275
93,0.09309309309309309,0.3881488699060815,0.4381764744230417,0.2382266497589794,0.35485066469603416
94,0.0940940940940941,0.38998337605604766,0.44317027342987575,0.24104279929084607,0.3580654829255898
95,0.09509509509509509,0.39349987331096226,0.45021402666270666,0.24348597364655158,0.3623999578734068
96,0.0960960960960961,0.39583551213219414,0.455670296132688,0.24580433737626464,0.3657700485470489
97,0.0970970970970971,0.39871504987753736,0.4598611389400854,0.2474400029332894,0.3686720639169707
98,0.0980980980980981,0.40120064736972577,0.4640661079776405,0.2498271888268859,0.3716979813914174
99,0.0990990990990991,0.40345990445486807,0.4682332762534231,0.2511687262754796,0.37428730232792357
100,0.10010010010010009,0.4069326441270546,0.47146124546528007,0.2515245115269602,0.376639467039765
101,0.1011011011011011,0.4133108226484843,0.47630167238192217,0.25501758857447154,0.38154336120162596
102,0.1021021021021021,0.41613467525498654,0.48150001067072556,0.2562144124423952,0.3846163661227024
103,0.1031031031031031,0.4200272296805218,0.490574266376955,0.25788534112555794,0.38949561239434494
104,0.1041041041041041,0.4216128502062273,0.4941854126794536,0.25950114693885534,0.39176646994151204
105,0.10510510510510511,0.4253026288798353,0.4989877459461751,0.261171560759629,0.39515397852854645
106,0.1061061061061061,0.4289509439275105,0.5048928257457004,0.26277177577616834,0.3988718484831264
107,0.10710710710710711,0.4327797611020436,0.5113183879799165,0.26423922473438616,0.4027791246054487
108,0.10810810810810811,0.43657471045836344,0.5141929129315495,0.2667786479482855,0.40584875711273277
109,0.1091091091091091,0.44018065213090796,0.5180286591645026,0.2682507581225558,0.40882002313932214
110,0.11011011011011011,0.4438258859951142,0.5244890183347306,0.27070867727828185,0.41300786053604216
111,0.1111111111111111,0.4464870778769028,0.5351043447958465,0.2722870201042994,0.41795948092568286
112,0.11211211211211211,0.4510171492586711,0.5409043276802116,0.27454685133037054,0.4221561094230844
113,0.11311311311311312,0.452676162598561,0.5437947853337609,0.2769451635776736,0.42447203716999854
114,0.11411411411411411,0.4533465985279063,0.5471077875512337,0.27947659735913527,0.42664366114609176
115,0.11511511511511512,0.4566042631710962,0.5516305313763739,0.28183021175813827,0.4300216687685361
116,0.11611611611611611,0.4579206531830454,0.5528333468973865,0.2830287279472936,0.4312609093425752
117,0.11711711711711711,0.4635536278752206,0.5558570380869031,0.28470500980861735,0.4347052252569137
118,0.11811811811811812,0.4678161858573093,0.5583988135044053,0.28678749163797623,0.437667496999897
119,0.11911911911911911,0.4701232512963766,0.5658319253472761,0.2906305597995054,0.4421952454810527
120,0.12012012012012012,0.47522149934029884,0.5736401871740782,0.2936294759784981,0.4474970541642917
121,0.12112112112112113,0.4770135254405844,0.5813068099866547,0.2949986091297626,0.45110631485233393
122,0.12212212212212212,0.4786379700560328,0.585918333699662,0.2964185755776142,0.453658293111103
123,0.12312312312312312,0.4800691529692742,0.5926660502939067,0.29877942581743594,0.4571715430268723
124,0.12412412412412413,0.48188009897454154,0.6025222230119688,0.30131484180979495,0.461905721265435
125,0.12512512512512514,0.4860210905235398,0.6085347599919175,0.3040327896553484,0.4661962133902686
126,0.12612612612612611,0.49083063250782905,0.6130121940277703,0.3075818924813174,0.4704749063389722
127,0.12712712712712712,0.4956692284747173,0.6153783259730542,0.3097219883050667,0.4735898475842794
128,0.12812812812812813,0.4985015764372681,0.6179739306113357,0.31118173197821597,0.47588574634227326
129,0.12912912912912913,0.5005484389370672,0.6219025855839869,0.3133889138590542,0.47861331279336944
130,0.13013013013013014,0.5045451686923494,0.623734474271584,0.3161452878516801,0.48147497693853786
131,0.13113113113113112,0.5080473872475998,0.6303522517033641,0.31891723551392404,0.485772291488296
132,0.13213213213213212,0.5142691684534234,0.637520916523996,0.3211139568276482,0.49096801393502254
133,0.13313313313313313,0.5187782905201385,0.6395953937252904,0.32318329006500907,0.493852324770146
134,0.13413413413413414,0.5217382098617759,0.6446202410247154,0.3260805716075066,0.49747967416466593
135,0.13513513513513514,0.5255243354649474,0.6470804663971051,0.3270421691562867,0.4998823236727798
136,0.13613613613613612,0.529753567629367,0.6467404128390615,0.3278099466950349,0.5014346423878211
137,0.13713713713713713,0.5314704331030616,0.6503368424991911,0.33025530067833464,0.5040208587601958
138,0.13813813813813813,0.5342374747789399,0.6541309340873194,0.3318505814484779,0.5067396634382457
139,0.13913913913913914,0.5348029320236211,0.655144291136666,0.3313227722160897,0.5070899984587922
140,0.14014014014014015,0.5366273541706783,0.6574848608493786,0.3331633067645668,0.5090918405948746
141,0.14114114114114115,0.5402383571008147,0.6596180638938056,0.3358064023419039,0.5118876077788413
142,0.14214214214214213,0.542915162435548,0.6610687107017565,0.33813381704593,0.5140392300610782
143,0.14314314314314314,0.5450859002630691,0.6664826476178238,0.3404937091286586,0.5173540856698505
144,0.14414414414414414,0.5475572241941633,0.6718367150714005,0.3425514398081203,0.5206484596912281
145,0.14514514514514515,0.550083291138533,0.6737159763742725,0.3451666809454242,0.5229886494860766
146,0.14614614614614616,0.5521268845966715,0.6794509845413395,0.34763385519583595,0.5264039081112823
147,0.14714714714714713,0.5533232520935992,0.6843398279413102,0.350000197243839,0.5292210924262495
148,0.14814814814814814,0.5566011649721577,0.6856945470193507,0.3512499810370307,0.5311818976761796
149,0.14914914914914915,0.5598095728847362,0.6870851063869458,0.3547233140227001,0.5338726644314606
150,0.15015015015015015,0.5661196169584622,0.6898629390454871,0.3575261603448137,0.5378362387829211
151,0.15115115115115116,0.5671876217653282,0.6973156191497437,0.35844124969627983,0.5409814968704506
152,0.15215215215215216,0.566979059379759,0.7004426053718183,0.36169533825564903,0.5430390010024088
153,0.15315315315315314,0.5677251779162398,0.7030050400326504,0.3640154067591566,0.5449152082360156
154,0.15415415415415415,0.5688641810762294,0.7060671227748473,0.36570496117511364,0.5468787550087302
155,0.15515515515515516,0.5710336360115826,0.7114680981098421,0.3663977182835762,0.5496331508016671
156,0.15615615615615616,0.57411055955069,0.7148208228859947,0.36837843467326387,0.5524366057033162
157,0.15715715715715717,0.5751054663395824,0.7161014942501182,0.37008648088715307,0.5537644804922845
158,0.15815815815815815,0.5761046153012483,0.7172273235924315,0.37121193642600575,0.5548479584398952
159,0.15915915915915915,0.5780886903913747,0.7191319777888808,0.37196351414114404,0.5563947274404665
160,0.16016016016016016,0.5803839439137718,0.7233090358876088,0.3707801244322664,0.5581577014112157
161,0.16116116116116116,0.5853348690044033,0.7269119261043951,0.3739606906138845,0.562069161907561
162,0.16216216216216217,0.5880804853787106,0.725601370099336,0.375470036606746,0.5630506306949309
163,0.16316316316316315,0.5908727309583045,0.7262373986921085,0.37757115177761635,0.5648937604760098
164,0.16416416416416416,0.5928845492432846,0.7268727372336573,0.3775725887484321,0.5657766250751246
165,0.16516516516516516,0.5935087106428019,0.7294304672928855,0.3775778707950532,0.5668390162435802
166,0.16616616616616617,0.5953383516259306,0.7310050440346739,0.37847379021089805,0.5682723952905009
167,0.16716716716716717,0.6014233517226555,0.7345309722469785,0.37889160571132513,0.5716153098936531
168,0.16816816816816815,0.605153898623868,0.7352807425033628,0.3820192444756713,0.5741512952009674
169,0.16916916916916916,0.6076243431708379,0.7360295465703103,0.3827738060781617,0.5754758986064367
170,0.17017017017017017,0.6089614075584523,0.7386196543392965,0.3843459235157848,0.5773089951378445
171,0.17117117117117117,0.6112897576542967,0.7393763852720764,0.38574364444559195,0.5788032624573217
172,0.17217217217217218,0.6158854027339103,0.7402421878850256,0.3883806510253238,0.5815027472147533
173,0.17317317317317318,0.6173069959671951,0.7416247546002491,0.39033024365797836,0.5830873314084742
174,0.17417417417417416,0.6180730493872102,0.7461165029376625,0.39227613429576297,0.5854885622068785
175,0.17517517517517517,0.6214869316468212,0.7449452290827274,0.3928187580351778,0.5864169729215755
176,0.17617617617617617,0.6272677402267127,0.748765878165258,0.3924221528597403,0.5894852570839036
177,0.17717717717717718,0.631303736150293,0.7502788143464728,0.39062970291343463,0.5907374178034002
178,0.1781781781781782,0.6366642365625405,0.7560499621452863,0.3933899241171783,0.5953680409416684
179,0.17917917917917917,0.6405794535884767,0.757381158367751,0.39584593689900965,0.5979355162850791
180,0.18018018018018017,0.6421274666572075,0.760352638405233,0.3979836105085677,0.6001545718570028
181,0.18118118118118118,0.6434063173110143,0.7618140689476256,0.4011264635772725,0.6021156166119708
182,0.18218218218218218,0.6440014088838703,0.7685019242898424,0.4007591847153618,0.6044208392963581
183,0.1831831831831832,0.6450375430010978,0.771036673936053,0.40343336611893865,0.6065025276853632
184,0.1841841841841842,0.6484964910770977,0.7732911235378574,0.40390829923107896,0.6085653046153446
185,0.18518518518518517,0.6497511445135401,0.7748822283830687,0.40712101862592404,0.6105847971741776
186,0.18618618618618618,0.6505468055092606,0.7758919618118494,0.40735990342638617,0.6112662235824987
187,0.1871871871871872,0.651973714432195,0.7763131633214422,0.40761584502568365,0.6119675742597737
188,0.1881881881881882,0.6564661132671809,0.7767340449255732,0.4094510998062948,0.6142170859996829
189,0.1891891891891892,0.6542256886288779,0.7771546069885596,0.411070517998001,0.6141502712051462
190,0.19019019019019018,0.6489346297961692,0.7775748498741656,0.4117639291220805,0.6127578029308051
191,0.19119119119119118,0.6495544049342864,0.7815994109919955,0.4124881990456482,0.6145473383239767
192,0.1921921921921922,0.6501734972014479,0.7879674587151209,0.4142018777985257,0.6174476112383648
193,0.1931931931931932,0.6573097616709161,0.7904027579013281,0.4142028209775005,0.6206384468499149
194,0.1941941941941942,0.6594370658206097,0.7914312009590625,0.4122279803090809,0.6210320823629177
195,0.19519519519519518,0.656780443348012,0.7924947169386565,0.4132481481548364,0.620841102813835
196,0.1961961961961962,0.6620682303710487,0.7972889350850126,0.4144488282693491,0.6246019979084702
197,0.1971971971971972,0.6637178889659264,0.798134551849195,0.4189254875084938,0.6269259761078717
198,0.1981981981981982,0.6672070143101171,0.8024909623637875,0.42084981486104606,0.6301825971783168
199,0.1991991991991992,0.673650465141662,0.8066448597063929,0.4231553723525938,0.6344835657335496
200,0.20020020020020018,0.6757926359070561,0.8080171085781631,0.42500665485528605,0.6362721331135017
201,0.2012012012012012,0.6784746374748424,0.8093207128635277,0.4267471464757489,0.638180832271373
202,0.2022022022022022,0.682300470387018,0.811160354061475,0.4290875042357816,0.6408494428947582
203,0.2032032032032032,0.684198802444008,0.8145364476087608,0.4286804957966273,0.642471915283132
204,0.2042042042042042,0.6850084346144848,0.8162233737007064,0.4312825208518028,0.6441714430556646
205,0.20520520520520522,0.6861796083493237,0.8191465084508581,0.4319926680450195,0.6457729282817337
206,0.2062062062062062,0.6890683708370546,0.8196989118092074,0.43331675495707594,0.6473613458677794
207,0.2072072072072072,0.6909736884741702,0.8202507426659074,0.43551769791475964,0.648914043018279
208,0.2082082082082082,0.6920903290720254,0.8208020019104938,0.4351405494912695,0.6493442934912629
209,0.2092092092092092,0.6931721128486819,0.8222895135123778,0.43664592065150637,0.6507025156708554
210,0.21021021021021022,0.6943224894483211,0.8248012946790813,0.43946948471407277,0.6528644229471584
211,0.2112112112112112,0.6979478418578733,0.8273452689659268,0.43963070073655486,0.6549746038534515
212,0.2122122122122122,0.6993104018000876,0.8251964590946468,0.44085648955584616,0.6551211168168601
213,0.2132132132132132,0.7011559025851831,0.8271121430891976,0.44272054445349757,0.6569961967092928
214,0.21421421421421422,0.6991076292065842,0.8292439021090688,0.4446149479867611,0.6576554931008047
215,0.21521521521521522,0.6973004314713601,0.8344488613065844,0.4455651596834804,0.6591048174871417
216,0.21621621621621623,0.6978971778388829,0.8351031716257,0.44615843238730496,0.6597195939506293
217,0.2172172172172172,0.6984932282081461,0.8357566570472021,0.4485609598560542,0.6609369483704675
218,0.2182182182182182,0.6990885837960766,0.8364093191300472,0.4509771533149281,0.6621583520803507
219,0.21921921921921922,0.7035883112685055,0.8404571892574703,0.4535427759731844,0.6658627588330535
220,0.22022022022022023,0.7055196051788141,0.8464854265926715,0.45552657195495366,0.6691772012421464
221,0.22122122122122123,0.7067372410780136,0.8543615455433771,0.4578087542397402,0.6729691802870436
222,0.2222222222222222,0.707882836932128,0.8554424885494971,0.45456282541354265,0.6726293836317225
223,0.22322322322322322,0.7092506477074884,0.8564114461885238,0.45685738637105394,0.6741731600890221
224,0.22422422422422422,0.7115426546190364,0.8569419271822036,0.45685192706799244,0.6751121696230774
225,0.22522522522522523,0.7137063958844659,0.8574718541720789,0.45815888351239953,0.6764457111896481
226,0.22622622622622623,0.7160868808191011,0.8580012280255511,0.4599328670652604,0.6780069919699708
227,0.2272272272272272,0.7175254379452646,0.8585300496082124,0.45780164012834457,0.6779523758939404
228,0.22822822822822822,0.7186158847563844,0.8643199908305222,0.45859660620651377,0.6805108272644734
229,0.22922922922922923,0.7210088936225837,0.8694181751152362,0.45784121570658826,0.6827560948148027
230,0.23023023023023023,0.7219829951599774,0.8700446112096129,0.4543485907765696,0.6821253990487199
231,0.23123123123123124,0.7248784127341424,0.8706702648095636,0.4546381850695403,0.6833956208710821
232,0.23223223223223222,0.7259253998279876,0.8712951373803182,0.45423065705698085,0.6838170647550955
233,0.23323323323323322,0.7270992039698088,0.8722774915597877,0.45351442458033636,0.6842970400366443
234,0.23423423423423423,0.7287821810387689,0.8737040413174952,0.45368748755969773,0.685391236638654
235,0.23523523523523523,0.7340243060087586,0.8749890280216271,0.45327721789347686,0.6874301839746209
236,0.23623623623623624,0.7389905237880748,0.876185010430425,0.4532885789550316,0.6894880377245105
237,0.23723723723723725,0.7403108713641214,0.8780167717137909,0.4547546448891422,0.6910274293223515
238,0.23823823823823823,0.7449086535099594,0.879685602393812,0.45413773991208123,0.6929106652719509
239,0.23923923923923923,0.7508845426189114,0.8800620168542594,0.4529158509761615,0.6946208034831107
240,0.24024024024024024,0.7512315803853757,0.8804381457935185,0.45186927766665774,0.6945130012818508
241,0.24124124124124124,0.7501847511026171,0.8808139895363297,0.4513804275471896,0.6941263893953789
242,0.24224224224224225,0.7523162215483612,0.8811895484069421,0.4518383127100813,0.6951146942217948
243,0.24324324324324323,0.7550324646938148,0.8815648227291125,0.4522789956621251,0.696292094361684
244,0.24424424424424424,0.7587546492932216,0.8819398128261079,0.4541062277094746,0.6982668966096014
245,0.24524524524524524,0.7600502086176201,0.8848542360467802,0.4550410952337968,0.6999818466327324
246,0.24624624624624625,0.7611411736471624,0.8858148010965489,0.4553023789962343,0.7007527845799819
247,0.24724724724724725,0.7625248358236167,0.8867734981756863,0.4546013862852761,0.7012999067615264
248,0.24824824824824826,0.7643892531371812,0.8880971893771585,0.45637048952089243,0.7029523106784108
249,0.24924924924924924,0.7654324863926625,0.8904542801107216,0.45543202511246017,0.7037729305386148
250,0.2502502502502503,0.7687770673497769,0.8913857784726356,0.4548687109313429,0.7050105189179184
251,0.25125125125125125,0.770134726678215,0.8923155101362851,0.4535653827126134,0.7053385398423712
252,0.25225225225225223,0.7714418706976212,0.8926203418169308,0.4541057158316562,0.7060559761154028
253,0.25325325325325326,0.7726363374181369,0.8914612664883255,0.45579481159073476,0.7066308051657324
254,0.25425425425425424,0.7738921020646576,0.8903004063130989,0.45680587601258205,0.7069994614634463
255,0.2552552552552553,0.7752648843054802,0.8897200790950598,0.45552803757159804,0.7068376669907127
256,0.25625625625625625,0.7786828578108433,0.8901217287990058,0.4570847417058321,0.708629776105227
257,0.25725725725725723,0.779567439432391,0.8905230457612447,0.4582907927910173,0.7094604259948843
258,0.25825825825825827,0.7804503362412071,0.890924030395089,0.45709629924259004,0.7094902219596287
259,0.25925925925925924,0.7815304809541652,0.8913246831131668,0.45438273841564825,0.70907930082766
260,0.2602602602602603,0.7826169122279834,0.891725004327423,0.456623868605373,0.7103219283869264
261,0.26126126126126126,0.7853197217682402,0.8921249944491221,0.4568043688023796,0.7114163616732473
262,0.26226226226226224,0.7867363841815969,0.892615025806472,0.4558289730051662,0.7117267943310783
263,0.26326326326326327,0.7898793859376211,0.8931805390032761,0.45704200085414654,0.713367308598348
264,0.26426426426426425,0.7868080640075946,0.8937453907108716,0.4562243244159016,0.7122592597114559
265,0.2652652652652653,0.790115419502196,0.8943095820892106,0.4566441625082895,0.7136897213665653
266,0.26626626626626626,0.7925600545919672,0.894873114295535,0.4576258784047451,0.7150196824307491
267,0.26726726726726724,0.7955596416502353,0.8975810555628746,0.45654907233904574,0.7165632565173853
268,0.2682682682682683,0.7977015432915467,0.8990203913796172,0.4545521492633843,0.7170913613115161
269,0.26926926926926925,0.7988560707554957,0.9002895177209987,0.45247277935646996,0.717206122610988
270,0.2702702702702703,0.8025535624752309,0.9013948369840706,0.45401436558682234,0.7193209216820414
271,0.27127127127127126,0.8034313114018364,0.9024408473323707,0.4567256957191244,0.7208659514844439
272,0.27227227227227224,0.8043073059803549,0.9063424856711921,0.4570562364192036,0.7225686760235835
273,0.2732732732732733,0.8052059401259485,0.908008222264233,0.45867940761479636,0.7239645233349926
274,0.27427427427427425,0.8063831614772538,0.9093182443515652,0.46076695766277137,0.7254894544971968
275,0.2752752752752753,0.8075572186834791,0.9099706306360864,0.4611284327302025,0.7262187606832559
276,0.27627627627627627,0.8092643656650508,0.9106221211949272,0.4613580730845485,0.7270815199815087
277,0.2772772772772773,0.8111943687173472,0.911272717871568,0.462959063876222,0.7284753834883789
278,0.2782782782782783,0.8129607072472018,0.9119224225044333,0.4637236948845783,0.7295356082120712
279,0.27927927927927926,0.8132452914065366,0.9109884470047983,0.46504581256999344,0.7297598503271093
280,0.2802802802802803,0.8135296888117741,0.909983613583866,0.46622113148792516,0.7299114779611884
281,0.28128128128128127,0.8138138996466863,0.9089772827145833,0.467566566869135,0.7301192497434682
282,0.2822822822822823,0.8140979240948034,0.9115248633063522,0.4686683474083657,0.7314303782698405
283,0.2832832832832833,0.8143817623394156,0.913898085371023,0.47063038805778495,0.7329700785894079
284,0.28428428428428426,0.8146654145635722,0.9144782509401267,0.47108808554513976,0.7334105836829462
285,0.2852852852852853,0.8149488809500834,0.914708403471248,0.47241332948114073,0.7340235379674906
286,0.2862862862862863,0.8152321616815191,0.9149384423209421,0.47346234425896533,0.7345443160871422
287,0.2872872872872873,0.8155152569402111,0.9151683675734165,0.47258582442337244,0.7344231496456666
288,0.2882882882882883,0.8174790242993836,0.9153981793127941,0.47339441684948336,0.7354238734872203
289,0.28928928928928926,0.8159014204340298,0.915627877623116,0.4750478639953104,0.735525720684152
290,0.2902902902902903,0.814370993040358,0.9158574625883399,0.47665171354037494,0.7356267230563575
291,0.2912912912912913,0.8174699687502357,0.9160869342923406,0.4785281826500288,0.7373616952308684
292,0.2922922922922923,0.8183860779669292,0.91631629281891,0.48139352280813336,0.738698631197991
293,0.2932932932932933,0.8193002127254335,0.916545538251758,0.48082464427178573,0.7388901317496591
294,0.29429429429429427,0.8218569359400634,0.9167746706745111,0.48144393552165593,0.7400251807120767
295,0.2952952952952953,0.8253153537139334,0.9170036901707144,0.4772941418289362,0.739871061904528
296,0.2962962962962963,0.8259388906979268,0.917567478666639,0.47872798659993543,0.7407447853215005
297,0.2972972972972973,0.8265615041427662,0.9199698713190482,0.4776321626968704,0.7413878460528949
298,0.2982982982982983,0.8271831960987547,0.9203912261904509,0.47493220799970776,0.7408355434296378
299,0.29929929929929927,0.8278039686101315,0.9206730810326852,0.4779002324110798,0.7421257606846322
300,0.3003003003003003,0.8289250878426601,0.9209547643018379,0.4784139558265494,0.7427646026570157
301,0.3013013013013013,0.8300519013128091,0.9212362761545237,0.47987185734274734,0.7437200116033601
302,0.3023023023023023,0.8365387725581664,0.9215176167471661,0.4812531554622855,0.7464365149225394
303,0.3033033033033033,0.8373068159219759,0.9217987862359993,0.4789573758329006,0.7460209926636252
304,0.30430430430430433,0.8380734393953221,0.9220797847770665,0.47956735572318027,0.7465735266318562
305,0.3053053053053053,0.8388386469120206,0.922360612526222,0.48041688849259967,0.7472053826436141
306,0.3063063063063063,0.8399539407428677,0.9226412696391303,0.48012641403822354,0.7475738748067405
307,0.3073073073073073,0.8411115410148571,0.9229217562712666,0.48112201469293037,0.748385103993018
308,0.3083083083083083,0.8420989908037166,0.9239846305130727,0.48237797089464907,0.7494871974038128
309,0.30930930930930933,0.8428775969913519,0.9260109574422649,0.4810884730174001,0.7499923424836723
310,0.3103103103103103,0.8436547341529343,0.9267994524235604,0.4781753567793746,0.7495431811186232
311,0.3113113113113113,0.8444304064420471,0.9275655474307073,0.4778805640870941,0.7499588393199496
312,0.3123123123123123,0.8450829070798271,0.9283303667319719,0.47906239859382327,0.7508252241352075
313,0.3133133133133133,0.8457016909516577,0.9290877796805032,0.48130995995653403,0.7520331435295651
314,0.31431431431431434,0.8463195434386777,0.9297742828252265,0.48142056161867425,0.7525047959608595
315,0.3153153153153153,0.846936466642167,0.9304597589250065,0.48219771188606525,0.7531979791510796
316,0.3163163163163163,0.8476859525621137,0.9311442102828913,0.48264169468615664,0.7538239525103871
317,0.3173173173173173,0.8491649888020375,0.9318276391950474,0.4836037448920073,0.7548654576296974
318,0.3183183183183183,0.8507437269121412,0.9323074394119842,0.48595414108526336,0.7563351024697963
319,0.31931931931931934,0.8527272096941761,0.9326960618403982,0.48671276716803785,0.7573786795675375
320,0.3203203203203203,0.8539257253672078,0.9330843538780766,0.4868835268504489,0.7579645353652444
321,0.3213213213213213,0.8548480427268067,0.9334723159461674,0.4873240854418447,0.758548148038273
322,0.32232232232232233,0.8557682691248124,0.9338599484651027,0.48840166704247007,0.7593432948774618
323,0.3233233233233233,0.8578824991472821,0.9342472518546009,0.4895596863694875,0.7605631457904568
324,0.32432432432432434,0.8597087845250762,0.9346342265336682,0.4890847766792178,0.761142595912654
325,0.3253253253253253,0.8607219134510937,0.9350208729205993,0.48614257102402475,0.7606284524652392
326,0.3263263263263263,0.8617325016170921,0.9378318655422846,0.4865249172872857,0.7620297614822209
327,0.32732732732732733,0.8641092547532558,0.9384933307579446,0.4896744453641415,0.7640923436251139
328,0.3283283283283283,0.8652043892420429,0.9389131938049684,0.48968482820573433,0.7646008037509152
329,0.32932932932932935,0.8654249872946279,0.9393326685934584,0.49023358032661,0.7649970787382321
330,0.3303303303303303,0.8656454639438441,0.9397517556617148,0.48700631150349855,0.7641345103696858
331,0.3313313313313313,0.8658658192898837,0.9401704555470439,0.4872801174292096,0.7644387974220458
332,0.33233233233233234,0.8660860534328276,0.940588768785759,0.4875535347262216,0.7647427856482695
333,0.3333333333333333,0.8663061664726475,0.9410066959131841,0.4864613754073281,0.7645914125977199
334,0.33433433433433435,0.8665261585092047,0.9426809335697794,0.4867433601730127,0.7653168174173324
335,0.3353353353353353,0.866746029642251,0.9444071145532816,0.48704704527192894,0.7660667298224872
336,0.3363363363363363,0.8669657799714285,0.9447940798247291,0.48781108339147383,0.7665236477292106
337,0.33733733733733734,0.8671854095962698,0.9451807131229406,0.48639079331164564,0.7662523053436187
338,0.3383383383383383,0.867404918616198,0.9455670148749271,0.48794709702071243,0.7669730101706125
339,0.33933933933933935,0.8676243071305274,0.9459529855069678,0.4860800467722862,0.7665524464699272
340,0.34034034034034033,0.8678435752384633,0.9463386254446116,0.48597836029091923,0.7667201869913313
341,0.34134134134134136,0.8680385391268122,0.9467239351126776,0.4872042493356445,0.7673222411917114
342,0.34234234234234234,0.8675181898410337,0.9471089149352586,0.48694821959279566,0.7671917747896959
343,0.3433433433433433,0.8669974424815264,0.9474090651513882,0.4843888634410215,0.7662651236913121
344,0.34434434434434436,0.8664762963792341,0.9475339320468152,0.4837414722374193,0.7659172335544895
345,0.34534534534534533,0.8659547508636001,0.9476587642503566,0.48486084413173025,0.7661581197485622
346,0.34634634634634637,0.8654328052625633,0.9477835617764677,0.4838119117504129,0.7656760929298145
347,0.34734734734734735,0.8649104589025542,0.9479083246395966,0.484889451178113,0.7659027449067546
348,0.3483483483483483,0.8643877111084904,0.9480330528541828,0.484810096621047,0.7657436201945734
349,0.34934934934934936,0.8649489827515682,0.9481577464346579,0.482694598131746,0.7652671091059906
350,0.35035035035035034,0.8667177403865721,0.9482824053954453,0.48099170483205445,0.7653306168713573
351,0.35135135135135137,0.8701846758226118,0.9484070297509611,0.48028760325337944,0.7662931029423175
352,0.35235235235235235,0.8704648365402963,0.9485316195156127,0.4785245317388199,0.7658403292649095
353,0.3533533533533533,0.8707447968823346,0.9486561747037996,0.48101751063515646,0.7668061607404302
354,0.35435435435435436,0.8710245570636186,0.9487806953299133,0.4808437103373527,0.7668829875769615
355,0.35535535535535534,0.8713041172987316,0.9489051814083379,0.4809212312860542,0.7670435099977079
356,0.3563563563563564,0.8715834778019513,0.9490296329534488,0.4816118046491889,0.7674083051348631
357,0.35735735735735735,0.8718626387872492,0.9491540499796134,0.48209869073641953,0.767705126501094
358,0.35835835835835833,0.8721416004682909,0.9492784325011919,0.4801231255065355,0.7671810528253395
359,0.35935935935935936,0.8724203630584374,0.9494027805325359,0.4804675380562666,0.7674302272157466
360,0.36036036036036034,0.8726989267707448,0.9495270940879891,0.48191301805032805,0.7680463463030206
361,0.3613613613613614,0.8729772918179657,0.9496513731818873,0.4803911105771201,0.7676732585256576
362,0.36236236236236236,0.8736051838200156,0.9497756178285585,0.4796786673592729,0.7676864896692823
363,0.36336336336336333,0.879341028203759,0.9498998280423225,0.47851439708155674,0.7692517511092127
364,0.36436436436436437,0.8790599136337631,0.9500240038374917,0.48007493116958594,0.7697196162136136
365,0.36536536536536535,0.8787786734463532,0.9501481452283698,0.4807363981621983,0.7698877389456404
366,0.3663663663663664,0.8784973075338847,0.950272252229253,0.48103255840273373,0.7699340393886237
367,0.36736736736736736,0.8782158157885899,0.9503963248544297,0.4815180884825218,0.7700434097085137
368,0.3683683683683684,0.8779341981025784,0.9503569874429519,0.48226193966676684,0.7701843750707656
369,0.36936936936936937,0.8776524543678361,0.9496800447681365,0.4782086262470391,0.768513708461004
370,0.37037037037037035,0.8773705844762251,0.9490022626655945,0.4802702987381508,0.7688810486266567
371,0.3713713713713714,0.8770885883194842,0.9483236394390491,0.48187489944596223,0.7690957090681652
372,0.37237237237237236,0.8768064657892283,0.9476441733876503,0.4823327338014736,0.7689277909927842
373,0.3733733733733734,0.8765242167769478,0.9458422604058181,0.4804300699155434,0.7675988490327698
374,0.3743743743743744,0.876241841174009,0.9433668726014178,0.47918336556804186,0.766264026447823
375,0.37537537537537535,0.875959338871654,0.94318226656515,0.4760214520987939,0.7650543525118659
376,0.3763763763763764,0.8756767097610002,0.9429975985684411,0.4728201335107616,0.7638314806134009
377,0.37737737737737737,0.8754100911565539,0.9428128685773771,0.4734997493951934,0.7639075697097081
378,0.3783783783783784,0.8752169346467591,0.9426280765580193,0.47032390416784214,0.7627229717908736
379,0.3793793793793794,0.8750237190783281,0.9424432224764038,0.47002833916720343,0.7624984269073117
380,0.38038038038038036,0.8748304444165645,0.9422583062985427,0.4667768326858229,0.7612885278003101
381,0.3813813813813814,0.8746371106267449,0.9420733279904222,0.4661970119570767,0.7609691501914146
382,0.38238238238238237,0.8744437176741188,0.9418882875180049,0.46703256342453686,0.7611215228722202
383,0.3833833833833834,0.874250265523908,0.9417031848472274,0.466136031507437,0.7606964939595242
384,0.3843843843843844,0.8740567541413076,0.9415180199440023,0.4652389340266222,0.7602712360373106
385,0.38538538538538536,0.8738631834914853,0.9413327927742164,0.46627402490506953,0.760490000390257
386,0.3863863863863864,0.8736695535395811,0.9411475033037326,0.4672803597308191,0.7606991388580443
387,0.38738738738738737,0.8734758642507079,0.9409621514983881,0.46804457216005274,0.7608275293030496
388,0.3883883883883884,0.8732821155899514,0.940776737323995,0.4653673365512823,0.759808729821743
389,0.3893893893893894,0.8730883075223698,0.9405912607463413,0.46369254136597465,0.7591240365448951
390,0.39039039039039036,0.8728944400129935,0.9404057217311886,0.46358112905596677,0.7589604302667162
391,0.3913913913913914,0.8727005130268262,0.940220120244275,0.46410373150319945,0.7590081215914335
392,0.3923923923923924,0.8725065265288432,0.9400344562513122,0.46792314312835437,0.7601547086361699
393,0.3933933933933934,0.8723124804839933,0.9393785684944125,0.46744670187227655,0.7597125836168942
394,0.3943943943943944,0.872118374857197,0.938614606220355,0.46440372471240954,0.7583789019299871
395,0.39539539539539537,0.8719242096133474,0.9378495861366978,0.4616144167808487,0.7571294041769647
396,0.3963963963963964,0.8717299847173102,0.9370835058523391,0.4604735017541302,0.7564289974412599
397,0.3973973973973974,0.8715357001339236,0.9364321627475718,0.4555685777192664,0.7545121468669205
398,0.3983983983983984,0.8725808945566317,0.9363064017424261,0.45410437695097866,0.754330557750012
399,0.3993993993993994,0.874700409481116,0.9361806121814442,0.4493028709932172,0.7533946308852592
400,0.40040040040040037,0.875347225036824,0.9360547940540396,0.44985665512345413,0.7537528914047726
401,0.4014014014014014,0.8759929288117825,0.9359289473496204,0.45047243078632954,0.7541314356492442
402,0.4024024024024024,0.8766375236700109,0.9358030720575898,0.4465492324453909,0.7529966093909972
403,0.4034034034034034,0.8772810124657006,0.9356771681673451,0.4458739478317937,0.7529440428216132
404,0.4044044044044044,0.8765333561834626,0.9355512356682792,0.44625661117713755,0.7527804010096265
405,0.40540540540540543,0.8714436257570887,0.935425274549779,0.4447685152576436,0.7505458051881705
406,0.4064064064064064,0.8694098244780808,0.9352992848012265,0.44330704958727685,0.7493387196221947
407,0.4074074074074074,0.869234773742159,0.9351732664119986,0.44233080245718986,0.7489129475371158
408,0.4084084084084084,0.869059673420561,0.9350472193714664,0.4413537942577001,0.7484868956832424
409,0.4094094094094094,0.8688845234877187,0.9349211436689964,0.43191541147737905,0.745240359544698
410,0.41041041041041043,0.8687093239180459,0.9347950392939496,0.4287619901291394,0.7440887844470448
411,0.4114114114114114,0.8685340746859387,0.9346689062356813,0.42952415799477545,0.7442423796387985
412,0.4124124124124124,0.8683587757657761,0.9345427444835422,0.4276901258060564,0.743530548685125
413,0.4134134134134134,0.8681834271319192,0.9344165540268775,0.42802698197451805,0.7435423210444383
414,0.4144144144144144,0.8680080287587113,0.9342903348550267,0.42664324217050564,0.7429805352614145
415,0.41541541541541543,0.8678325806204783,0.9341640869573248,0.42413317609807183,0.7420432812252917
416,0.4164164164164164,0.8676570826915284,0.9340378103231006,0.4175992106693441,0.739764701227991
417,0.4174174174174174,0.8674815349461521,0.9339115049416787,0.4090936669208511,0.7368289022695605
418,0.4184184184184184,0.867305937358622,0.9337851708023771,0.40906279723292055,0.73671796846464
419,0.4194194194194194,0.8671302899031932,0.9336588078945098,0.40611211913557566,0.7356337389777595
420,0.42042042042042044,0.8669545925541029,0.9335324162073847,0.40422393663131906,0.7349036484642689
421,0.4214214214214214,0.8667788452855707,0.9334059957303045,0.4048079299699523,0.7349975903286091
422,0.4224224224224224,0.8666030480717984,0.933279546452567,0.4052197892621071,0.7350341279288242
423,0.42342342342342343,0.86642720088697,0.9331530683634643,0.40558527217379114,0.7350551804747418
424,0.4244244244244244,0.8662513037052519,0.9330265614522832,0.40331842517006156,0.7341987634425323
425,0.42542542542542544,0.8660753565007923,0.9329000257083055,0.40274083047198284,0.7339054042270269
426,0.4264264264264264,0.8658993592477215,0.9329214591309849,0.40145127240287803,0.7334240302605282
427,0.4274274274274274,0.8657233119201526,0.9329614735581119,0.40132977990630025,0.7333381884615214
428,0.42842842842842843,0.8655472144921805,0.9330014842141338,0.402211072423434,0.7335865903765827
429,0.4294294294294294,0.865594608291173,0.9330414910995836,0.40257893121090427,0.733738343533887
430,0.43043043043043044,0.8658899977773779,0.9330814942149941,0.40322807813310324,0.7340665233751583
431,0.4314314314314314,0.8661851453481795,0.9331214935608985,0.40207622613984517,0.733794288349641
432,0.43243243243243246,0.8664800513006385,0.9331614891378294,0.4010140124755016,0.7335518509713231
433,0.43343343343343343,0.8667747159313297,0.9332014809463197,0.3972147140139678,0.7323969702972057
434,0.4344344344344344,0.8670691395363428,0.9332414689869016,0.3952203167941433,0.7318436417724626
435,0.43543543543543545,0.867363322411283,0.933281453260108,0.39390378938390663,0.7315161883517659
436,0.4364364364364364,0.8676572648512725,0.9333214337664709,0.3925676759437216,0.7311821248538216
437,0.43743743743743746,0.8679509671509511,0.9333614105065228,0.3915528513530272,0.7309550763368337
438,0.43843843843843844,0.8682444296044778,0.9334013834807957,0.39119290757976255,0.7309462402216788
439,0.4394394394394394,0.8685376525055308,0.9334413526898219,0.3833776791882676,0.7284522281278735
440,0.44044044044044045,0.8687627758496211,0.9334813181341332,0.3832948246082517,0.7285129728640021
441,0.44144144144144143,0.8689642273920366,0.9335212798142616,0.38080981593926877,0.727765107715189
442,0.44244244244244246,0.8691655659072358,0.9335612377307387,0.3761275928623346,0.7262847988334364
443,0.44344344344344344,0.8693667914903153,0.9336011918840964,0.3718597877484358,0.7249425903742824
444,0.4444444444444444,0.8695679042362648,0.933641142274866,0.3701011560416831,0.7244367341842713
445,0.44544544544544545,0.869768904239968,0.9336810889035794,0.3666761330018382,0.7233753753817952
446,0.44644644644644643,0.8699697915962018,0.9337210317707675,0.3586733132022546,0.7207880455230745
447,0.44744744744744747,0.8701705663996372,0.9337609708769619,0.3552605348135261,0.7197306906967085
448,0.44844844844844844,0.8703712287448391,0.9338009062226935,0.35009870359746614,0.7180902795216663
449,0.4494494494494494,0.8705717787262661,0.9338408378084936,0.34527270042762986,0.7165617723207965
450,0.45045045045045046,0.8707722164382716,0.933880765634893,0.3386231574985198,0.7144253798572281
451,0.45145145145145144,0.8709725419751032,0.9339206897024228,0.33373625783826516,0.7128764965052636
452,0.45245245245245247,0.8711727554309029,0.9339606100116137,0.3309277669390821,0.7120203774605329
453,0.45345345345345345,0.8713728568997074,0.9340005265629963,0.33116296335086165,0.7121787822711885
454,0.4544544544544544,0.8715728464754485,0.9340404393571011,0.3313970046468132,0.7123367634931209
455,0.45545545545545546,0.8717727242519524,0.9340803483944587,0.33151400513087836,0.7124556925924298
456,0.45645645645645644,0.8715699150374637,0.9341202536755995,0.33006151449066506,0.7119172277345761
457,0.4574574574574575,0.8713168149612367,0.9341601552010536,0.32902930913422984,0.71150209309884
458,0.45845845845845845,0.871063607955304,0.9342000529713514,0.32641207019016594,0.7105585770389404
459,0.45945945945945943,0.8708102939422965,0.9342399469870231,0.3266697416974169,0.7105733275422456
460,0.46046046046046046,0.8705568728447701,0.9342798372485981,0.32692794497063704,0.7105882183546685
461,0.46146146146146144,0.8703033445852065,0.9343197237566067,0.3273593058411956,0.7106607913943362
462,0.4624624624624625,0.8700497090860116,0.9343596065115786,0.32292992168072876,0.709113079092773
463,0.46346346346346345,0.8697959662695174,0.9343994855140435,0.31585914264479753,0.7066848648094527
464,0.46446446446446443,0.8695421160579803,0.934439360764531,0.31607057537330757,0.7066840173986063
465,0.46546546546546547,0.8692881583735813,0.9344792322635705,0.3162809098783269,0.706682766838493
466,0.46646646646646645,0.8690340931384272,0.9345191000116914,0.3135096435270094,0.7056876122257093
467,0.4674674674674675,0.8687799202745483,0.934558964009423,0.310985222859507,0.7047747023811595
468,0.46846846846846846,0.868525639703901,0.9345988242572943,0.3104057764961162,0.7045100801524371
469,0.4694694694694695,0.8682712513483642,0.9346386807558347,0.30766672947813495,0.703525553860778
470,0.47047047047047047,0.8680167551297433,0.9346785335055731,0.30493294026120815,0.7025427429655081
471,0.47147147147147145,0.8677621509697668,0.9347183825070381,0.3034020067168427,0.701960846731216
472,0.4724724724724725,0.8676936860000574,0.9347582277607589,0.3018689832477878,0.7014402990028681
473,0.47347347347347346,0.8677787413572396,0.9347980692672636,0.2993279129800782,0.7006349078681938
474,0.4744744744744745,0.8678637762123373,0.9348379070270814,0.2983935580029254,0.7003650804141147
475,0.4754754754754755,0.8679487905727624,0.9348777410407404,0.2986976844184223,0.7005080720106417
476,0.47647647647647645,0.8680337844459232,0.9349175713087693,0.29889316179278813,0.7006148391824936
477,0.4774774774774775,0.8681187578392244,0.9349573978316962,0.29902957998688234,0.7007019118859343
478,0.47847847847847846,0.8682037107600676,0.9349972206100491,0.2991654579040562,0.7007887964247242
479,0.4794794794794795,0.8682886432158503,0.9350370396443562,0.2993007987475728,0.7008754938692597
480,0.4804804804804805,0.8683735552139665,0.9350768549351457,0.29944986509555094,0.7009667584148876
481,0.48148148148148145,0.8684584467618071,0.9351166664829452,0.2996395935596936,0.7010715689348151
482,0.4824824824824825,0.8685433178667586,0.9351564742882827,0.29982826928190986,0.7011760204789838
483,0.48348348348348347,0.868628168536205,0.935196278351686,0.3001054881515613,0.701309978346484
484,0.4844844844844845,0.8687129987775257,0.9352360786736822,0.3008245229580867,0.7015912001364315
485,0.4854854854854855,0.8687978085980974,0.935275875254799,0.2997472846690766,0.7012736561739911
486,0.48648648648648646,0.8688825980052927,0.935315668095564,0.29866894998845955,0.7009557386964387
487,0.4874874874874875,0.8689673670064808,0.9353554571965044,0.297837095077253,0.7007199730934127
488,0.48848848848848847,0.8690521156090276,0.9353952425581473,0.29811156453793974,0.7008529742350382
489,0.4894894894894895,0.8691368438202951,0.93543502418102,0.2983837225341469,0.700985196845154
490,0.4904904904904905,0.8692215516476419,0.9354748020656491,0.29146403463658893,0.69872012944996
491,0.49149149149149146,0.869306239098423,0.9355145762125618,0.2886229856089616,0.6978146003066489
492,0.4924924924924925,0.8693909061799902,0.9355543466222849,0.28462570104852475,0.6965236512835999
493,0.4934934934934935,0.869475552899691,0.9355941132953448,0.28040635245722173,0.6951586728840858
494,0.4944944944944945,0.8695601792648704,0.9356338762322686,0.2782507190099013,0.6944815915023468
495,0.4954954954954955,0.8696447852828691,0.9356736354335824,0.27840692775250264,0.6945751161563182
496,0.4964964964964965,0.8697293709610244,0.9357133908998128,0.2785622530160611,0.6946683382922995
497,0.4974974974974975,0.8698139363066703,0.9357531426314858,0.2783105232602747,0.694625867399477
498,0.4984984984984985,0.869898481327137,0.935792890629128,0.2762409563198668,0.6939774427587105
499,0.4994994994994995,0.8699830060297514,0.9358326348932652,0.2744628951313057,0.6934261786847741
500,0.5005005005005005,0.8700675104218369,0.9358723754244236,0.2730082368011709,0.6929827075491438
501,0.5015015015015015,0.870151994510713,0.935912112223129,0.271471382985759,0.6925118299065337
502,0.5025025025025025,0.8702364583036963,0.9359518452899073,0.26811120205108513,0.6914331685482296
503,0.5035035035035035,0.8703209018080994,0.935991574625284,0.2678939051068404,0.6914021271800747
504,0.5045045045045045,0.8704053250312315,0.9360143277565854,0.26666966966871963,0.6910297741521788
505,0.5055055055055055,0.8704897279803983,0.9358995511093218,0.2654439935204056,0.6906110908700418
506,0.5065065065065065,0.8705741106629019,0.9357847503657033,0.261428667224395,0.6892625094176666
507,0.5075075075075075,0.8706584730860414,0.9356699255176932,0.2615410219723013,0.6892898068586786
508,0.5085085085085085,0.8707428152571116,0.9355550765572519,0.2616528452813993,0.6893169123652543
509,0.5095095095095095,0.8708271371834045,0.9354402034763354,0.26176414091335704,0.6893438271910323
510,0.5105105105105106,0.8710463757712185,0.9353253062668965,0.26187491259442464,0.6894155315441798
511,0.5115115115115115,0.871311832275408,0.9352103849208846,0.25987169337931326,0.6887979701918686
512,0.5125125125125125,0.8715770881763281,0.9350954394302453,0.2586271689030792,0.6884332321698842
513,0.5135135135135135,0.8718421437012841,0.9349804697869205,0.25846310523266086,0.6884285729069551
514,0.5145145145145145,0.8721069990772382,0.9348654759828487,0.2572195073798641,0.6880639941466503
515,0.5155155155155156,0.8723716545308099,0.934750458009965,0.25597439340555994,0.687698835315445
516,0.5165165165165165,0.8726361102882768,0.9346354158602006,0.252740036421312,0.6866705208565964
517,0.5175175175175175,0.8729003665755751,0.9345203495254829,0.24864981799126656,0.6853568446974415
518,0.5185185185185185,0.8731644236183004,0.9344052589977363,0.2435360422813663,0.6837019082991342
519,0.5195195195195195,0.8734282816417077,0.9342901442688812,0.24226814693358192,0.6833288576147236
520,0.5205205205205206,0.8736919408707133,0.9341750053308346,0.24142843101771463,0.6830984590730876
521,0.5215215215215215,0.8739554015298945,0.9340598421755097,0.23269355214131787,0.6802362652822408
522,0.5225225225225225,0.8736825609633113,0.9339446547948163,0.23018196953662162,0.6792697284315831
523,0.5235235235235235,0.8729691546541035,0.9338294431806604,0.22863308565432588,0.6784772278296965
524,0.5245245245245245,0.8722548710806086,0.9337142073249446,0.22708184449251217,0.6776836409660217
525,0.5255255255255256,0.8715397085097667,0.9335989472195675,0.22595804324304558,0.6770322329907933
526,0.5265265265265265,0.87082366520395,0.9334836628564248,0.22509378566805482,0.6764670379094766
527,0.5275275275275275,0.8701067394209476,0.9333683542274078,0.2242287981125807,0.6759012972536453
528,0.5285285285285285,0.8699170136084204,0.9332530213244048,0.2233630783885682,0.6755110377737977
529,0.5295295295295295,0.8699580237607286,0.9331376641393002,0.222395712676238,0.675163800192089
530,0.5305305305305306,0.8699990290390356,0.9330222826639746,0.2210937883595536,0.6747050333541879
531,0.5315315315315315,0.8700400294442101,0.9329068768903055,0.21979021368666668,0.6742457066737274
532,0.5325325325325325,0.870081024977121,0.9327914468101661,0.21828500647321714,0.6737191594201682
533,0.5335335335335335,0.8701220156386366,0.9326759924154269,0.21632253761894582,0.673040181891003
534,0.5345345345345345,0.8701630014296252,0.9325605136979537,0.2141231975867388,0.6722822375714393
535,0.5355355355355356,0.8702039823509549,0.9324450106496094,0.21149362547457473,0.6713808728250464
536,0.5365365365365365,0.8702449584034935,0.9327221373710509,0.20670275089576995,0.6698899488901048
537,0.5375375375375375,0.8702859295881081,0.9330470031051953,0.20511259273897192,0.6694818418107585
538,0.5385385385385385,0.8703268959056669,0.9333716166081718,0.20352001499197378,0.6690728425019374
539,0.5395395395395395,0.8703678573570366,0.9336959781736209,0.20192405465609697,0.6686626300622516
540,0.5405405405405406,0.8704088139430843,0.9340200880947281,0.20032563660534874,0.6682515128810538
541,0.5415415415415415,0.8704497656646769,0.9343439466642238,0.19816260409798656,0.6676521054756291
542,0.5425425425425425,0.8704907125226808,0.934667554174384,0.19561380241745893,0.6669240230381747
543,0.5435435435435435,0.8705316545179627,0.9349909109170328,0.19499483367387316,0.6668391330362896
544,0.5445445445445445,0.8705725916513882,0.9353140171835411,0.1943755053598787,0.666754038064936
545,0.5455455455455456,0.8706135239238239,0.9355405595293561,0.1937558165857106,0.6666366333462969
546,0.5465465465465466,0.8706544513361351,0.9351510522139977,0.19313576645866612,0.6663137566695997
547,0.5475475475475475,0.8706953738891877,0.9347612636383243,0.19251535408309212,0.6659906638702014
548,0.5485485485485485,0.8707362915838468,0.9343711934885903,0.1918945785603731,0.6656673545442701
549,0.5495495495495496,0.8707772044209777,0.9339808414505829,0.18880584857852614,0.6645212981500289
550,0.5505505505505506,0.8708181124014451,0.9335902072096218,0.18739496935572125,0.6639344296555961
551,0.5515515515515516,0.870859015526114,0.9331992904505582,0.18688751685991936,0.6636486076121971
552,0.5525525525525525,0.8708999137958487,0.9328080908577737,0.18637982523984178,0.6633626099644881
553,0.5535535535535535,0.8709408072115138,0.9324166081151799,0.18587189398876153,0.663076436438485
554,0.5545545545545546,0.8709816957739731,0.9320248419062167,0.1853637225985189,0.6627900867595696
555,0.5555555555555556,0.871022579484091,0.9315927431590638,0.1848553105595165,0.6624902110675571
556,0.5565565565565566,0.8710634583427305,0.9311541606657043,0.1843466573607138,0.6621880921230495
557,0.5575575575575575,0.8711043323507557,0.9307152228825164,0.18383776248962236,0.6618857725742981
558,0.5585585585585585,0.8711452015090294,0.9302759293647662,0.17797035712546327,0.6597971626664196
559,0.5595595595595596,0.8711860658184152,0.9298362796669785,0.1762030846521767,0.6590751433791902
560,0.5605605605605606,0.8712269252797759,0.9293962733429326,0.17530556774813605,0.6586429221236149
561,0.5615615615615616,0.8712677798939736,0.9289559099456628,0.17438906453349154,0.6582042514577093
562,0.5625625625625625,0.8713086296618717,0.9285151890274564,0.17347177378864811,0.6577651974926588
563,0.5635635635635635,0.8713494745843317,0.9282917314605755,0.17255369252329994,0.6573982995227358
564,0.5645645645645646,0.8713903146622161,0.928229235543578,0.16823461719466407,0.655951389133486
565,0.5655655655655656,0.8714311498963864,0.9281667324380343,0.1683877770780485,0.6559952198041563
566,0.5665665665665666,0.8714719802877048,0.928104222142667,0.16818093296896194,0.6559190451331112
567,0.5675675675675675,0.8715128058370322,0.928041704656198,0.16609633065480323,0.6552169470493444
568,0.5685685685685685,0.8715536265452303,0.9279791799773495,0.16386159086698715,0.6544647991298557
569,0.5695695695695696,0.8715944424131596,0.927916648104843,0.16106816122660295,0.6535264172482019
570,0.5705705705705706,0.8716352534416816,0.9278541090373994,0.16063134684829491,0.653373569775792
571,0.5715715715715716,0.8716760596316564,0.9277915627737401,0.15642906493538616,0.6519655624469275
572,0.5725725725725725,0.8717168609839449,0.9277290093125856,0.15582475982836566,0.6517568767082987
573,0.5735735735735735,0.8717576574994069,0.9276664486526562,0.15522010417949283,0.6515480701105187
574,0.5745745745745746,0.8717984491789027,0.927603880792672,0.1546150971801342,0.6513391423839029
575,0.5755755755755756,0.8718392360232919,0.9275413057313526,0.15400973801916729,0.6511300932579372
576,0.5765765765765766,0.8718800180334344,0.9274787234674174,0.1534040258829709,0.6509209224612743
577,0.5775775775775776,0.8719207952101894,0.9274161339995859,0.15279795995541556,0.6507116297217302
578,0.5785785785785785,0.8719615675544161,0.9273535373265767,0.15191635884480362,0.6504104879085988
579,0.5795795795795796,0.8720023350669738,0.9272909334471079,0.15070152390255306,0.6499982641388783
580,0.5805805805805806,0.8720430977487209,0.9272283223598985,0.14948527647365276,0.6495855655274241
581,0.5815815815815816,0.8720838556005164,0.9271657040636659,0.14411659121889245,0.6477887169610249
582,0.5825825825825826,0.8721246086232183,0.9271030785571279,0.1434020581289611,0.6475432484364357
583,0.5835835835835835,0.872165356817685,0.9270404458390018,0.1426870432876024,0.647297615314763
584,0.5845845845845846,0.8722061001847745,0.9269778059080045,0.14197154525456634,0.6470518171157819
585,0.5855855855855856,0.8722468387253446,0.9269151587628527,0.14125556258385638,0.6468058533573512
586,0.5865865865865866,0.8722875724402529,0.9268525044022629,0.1405390938237003,0.6465597235554054
587,0.5875875875875876,0.8723283013303567,0.9267898428249511,0.13942359687138223,0.6461805803422299
588,0.5885885885885885,0.8723690253965132,0.9267271740296331,0.1365482583293014,0.6452148192518159
589,0.5895895895895896,0.8724097446395792,0.9266644980150246,0.13089205929451458,0.6433221006497062
590,0.5905905905905906,0.8724504590604119,0.9266018147798405,0.13002235301713513,0.6430248756191291
591,0.5915915915915916,0.8724911686598673,0.9265391243227955,0.12915194513897432,0.6427274127072123
592,0.5925925925925926,0.8725318734388025,0.9264764266426048,0.12828083281163652,0.6424297109643479
593,0.5935935935935935,0.8725725733980729,0.926413721737982,0.1274090131712864,0.6421317694357804
594,0.5945945945945946,0.8726132685385352,0.9263510096076414,0.12358428898245863,0.6408495223762117
595,0.5955955955955956,0.8726539588610445,0.9262882902502967,0.11776517435788636,0.6389024744897425
596,0.5965965965965966,0.8726946443664566,0.9262255636646609,0.11666264260943379,0.6385276168801838
597,0.5975975975975976,0.8727353250556269,0.9261628298494473,0.1155590052194953,0.6381523867081899
598,0.5985985985985985,0.8727760009294105,0.9261000888033688,0.11445425569985002,0.6377767818108765
599,0.5995995995995996,0.8728166719886625,0.9260373405251374,0.11270591466254846,0.6371866423921161
600,0.6006006006006006,0.8728573382342375,0.9259745850134656,0.11093203730274334,0.6365879868501488
601,0.6016016016016016,0.87289799966699,0.9259118222670649,0.10970138765045644,0.6361704031948371
602,0.6026026026026026,0.8729386562877743,0.9258490522846472,0.10896009945956922,0.6359159360106635
603,0.6036036036036035,0.872979308097445,0.9257862750649234,0.10821832151395831,0.6356613015587755
604,0.6046046046046046,0.8730199550968553,0.9257234906066042,0.10747605168120099,0.6354064991282201
605,0.6056056056056056,0.8730605972868596,0.9256606989084009,0.10673328781647712,0.6351515280039125
606,0.6066066066066066,0.8731012346683109,0.925597899969023,0.10599002776247847,0.6348963874666042
607,0.6076076076076076,0.873113555454737,0.9255350937871811,0.10424281733928789,0.6342971555270687
608,0.6086086086086087,0.8730015874518787,0.9254722803615844,0.10200501438888553,0.6334929607341162
609,0.6096096096096096,0.8728895975365574,0.9254094596909423,0.10066235562016425,0.632987137615888
610,0.6106106106106106,0.8727775857021124,0.9253466317739646,0.09966442591135866,0.6325962144624785
611,0.6116116116116116,0.8726655519418812,0.925283796609359,0.0986656226248949,0.6322049903920451
612,0.6126126126126126,0.8725534962491985,0.9252209541958346,0.09766594000713565,0.6318134634840563
613,0.6136136136136137,0.8724414186173958,0.9251581045320993,0.09666511514325583,0.6314215460975837
614,0.6146146146146146,0.872329319039802,0.9250952476168611,0.0956628997886035,0.6310291554817556
615,0.6156156156156156,0.872217197509744,0.9250323834488274,0.09465981405098207,0.6306364650031845
616,0.6166166166166166,0.8721050540205453,0.9249695120267055,0.09365585179963948,0.6302434726156301
617,0.6176176176176176,0.8719928885655266,0.9249066333492021,0.0926510068461102,0.629850176253613
618,0.6186186186186187,0.8718807011380065,0.924843747415024,0.08832016972086347,0.628348206091298
619,0.6196196196196196,0.8717684917313004,0.9247808542228776,0.08822684769191437,0.6282587312153641
620,0.6206206206206206,0.8716562603387212,0.9247179537714685,0.08828723060482636,0.628220481571672
621,0.6216216216216216,0.8715440069535793,0.9246553058111444,0.08834614650904091,0.6281818197579215
622,0.6226226226226226,0.8714317315691814,0.9245989591332359,0.08807615100403259,0.62803561390215
623,0.6236236236236237,0.8713194341788328,0.9245426066319535,0.08753959131675428,0.6278005440425135
624,0.6246246246246246,0.8712071147758353,0.9244862483063674,0.08700277628877262,0.6275653797903251
625,0.6256256256256256,0.8710947733534884,0.9244298841555472,0.08646570500848642,0.627330120839174
626,0.6266266266266266,0.8709824099050881,0.9243735141785624,0.08592837655994998,0.6270947668812001
627,0.6276276276276276,0.8708700244239288,0.9243171383744822,0.08539079002284715,0.6268593176070861
628,0.6286286286286287,0.8707576169033012,0.9242607567423758,0.08485294447246514,0.6266237727060474
629,0.6296296296296297,0.8706451873364939,0.9242043692813123,0.0843148389796685,0.6263881318658249
630,0.6306306306306306,0.8705327357167925,0.9241479759903604,0.08392598577634136,0.626202232494498
631,0.6316316316316316,0.8704202620374798,0.9240915768685882,0.08396375450120273,0.6261585311357569
632,0.6326326326326326,0.8703077662918363,0.9240351719150645,0.08400086693377577,0.6261146017135588
633,0.6336336336336337,0.8701952484731391,0.9239787611288574,0.08403734003291653,0.6260704498783044
634,0.6346346346346347,0.8700827085746633,0.9239223445090345,0.08407319017817273,0.6260260810872902
635,0.6356356356356356,0.8699701465896806,0.9238659220546638,0.08410843319431048,0.6259815006128849
636,0.6366366366366366,0.8698575625114604,0.9238094937648128,0.08247048944424375,0.6253791819068389
637,0.6376376376376376,0.8697449563332693,0.9237530596385488,0.08063029080147707,0.6247094355910984
638,0.6386386386386387,0.869632328048371,0.9236966196749389,0.07752708800003208,0.6236186785744473
639,0.6396396396396397,0.8695196776500265,0.9236401738730501,0.07289595030781149,0.622018600610296
640,0.6406406406406406,0.8694070051314943,0.9235837222319491,0.06824244593832836,0.6204110577672572
641,0.6416416416416416,0.8692943104860299,0.9235272647507025,0.061371642502651834,0.6180644059131281
642,0.6426426426426426,0.869181593706886,0.9234708014283767,0.05901945832145245,0.6172239511522384
643,0.6436436436436437,0.869068854787313,0.9234143322640376,0.05603255091655765,0.6161719126559694
644,0.6446446446446447,0.8689560937205579,0.9233578572567512,0.04762381861749708,0.6133125898649354
645,0.6456456456456456,0.8689380463611742,0.9233013764055837,0.047664566222680595,0.6133013296631462
646,0.6466466466466466,0.8689767144556331,0.9232448897096001,0.04770300220272153,0.6133082021226516
647,0.6476476476476476,0.8690153781378948,0.9231883971678657,0.04246514989502824,0.6115563084002629
648,0.6486486486486487,0.8690540374087141,0.9231318987794461,0.039258695343736015,0.6104815438439654
649,0.6496496496496497,0.8690926922688461,0.9230753945434061,0.03289313518125309,0.6083537406645018
650,0.6506506506506506,0.8691313427190456,0.9230188844588102,0.029655284366462732,0.6072685038481062
651,0.6516516516516516,0.8691699887600672,0.9229623685247231,0.027975336185372564,0.6067025644900542
652,0.6526526526526526,0.8692086303926654,0.9229058467402094,0.02675615580603197,0.6062902109796356
653,0.6536536536536537,0.8692472676175944,0.9228493191043328,0.02553570929657817,0.6058774320061685
654,0.6546546546546547,0.8692859004356085,0.9227927856161574,0.024313966459730534,0.6054642175038322
655,0.6556556556556556,0.8693245288474613,0.9227362462747472,0.024159326067643247,0.6054067003966171
656,0.6566566566566566,0.8693631528539068,0.9226797010791655,0.024164619074915794,0.6054024910026626
657,0.6576576576576576,0.8694017724556984,0.9226231500284757,0.024169754587974827,0.6053982256907163
658,0.6586586586586587,0.8694403876535896,0.9225665931217409,0.02417473953316849,0.6053939067694997
659,0.6596596596596597,0.8694789984483337,0.9225100303580241,0.024179580436566237,0.605389536414308
660,0.6606606606606606,0.8695176048406837,0.9224534617363881,0.02418428345246254,0.6053851166765115
661,0.6616616616616616,0.8695562068313925,0.9223968872558957,0.024188854389479087,0.6053806494922557
662,0.6626626626626626,0.8695948044212127,0.9223403069156086,0.024193298734498252,0.6053761366904399
663,0.6636636636636637,0.8696333976108973,0.9222837207145894,0.02419762167463528,0.6053715800000407
664,0.6646646646646647,0.8696719864011982,0.9222271286519003,0.024201828117434054,0.6053669810568442
665,0.6656656656656657,0.8697105707928678,0.9221705307266024,0.024205922709451853,0.6053623414096406
666,0.6666666666666666,0.8697491507866584,0.9221139269377576,0.02420990985338102,0.6053576625259324
667,0.6676676676676676,0.8697877263833212,0.9220573172844272,0.024125733037979036,0.6053235922352425
668,0.6686686686686687,0.8698262975836084,0.9220007017656724,0.023658561589748925,0.6051618536463432
669,0.6696696696696697,0.8698648643882716,0.9219440803805542,0.023191169175255728,0.6050000379813606
670,0.6706706706706707,0.8699034267980618,0.9218874531281331,0.022723555637690872,0.6048381451879619
671,0.6716716716716716,0.8699419848137303,0.92183082000747,0.02225572082009745,0.6046761752137659
672,0.6726726726726726,0.8699805384360283,0.921774181017625,0.021787664565369954,0.604514128006341
673,0.6736736736736737,0.8700190876657065,0.9217175361576584,0.02131938671625408,0.6043520035132063
674,0.6746746746746747,0.8700576325035155,0.9216608854266299,0.020850887115346727,0.6041898016818307
675,0.6756756756756757,0.8700961729502059,0.9216042288235994,0.02038216560509555,0.6040275224596336
676,0.6766766766766766,0.8701347090065281,0.9215475663476266,0.01991322202779895,0.6038651657939845
677,0.6776776776776777,0.870173240673232,0.9214908979977706,0.019444056225605823,0.6037027316322028
678,0.6786786786786787,0.8702117679510679,0.9214342237730906,0.014251439647244244,0.6019658104571343
679,0.6796796796796797,0.8702502908407853,0.9213775436726456,0.013489104118038282,0.6017056462104897
680,0.6806806806806807,0.870288809343134,0.9213208576954943,0.012726183037706753,0.6014452833587783
681,0.6816816816816816,0.8703273234588634,0.9212641658406953,0.011962675731346338,0.6011847216769682
682,0.6826826826826827,0.8703658331887231,0.9212074681073068,0.01119858152301606,0.600923960939682
683,0.6836836836836837,0.8704043385334619,0.9211507644943872,0.0104338997357356,0.600663000921195
684,0.6846846846846847,0.8704428394938288,0.9210940550009942,0.009689211058316227,0.6004087018510463
685,0.6856856856856857,0.8704813360705729,0.9210373396261856,0.0091036193236704,0.6002074316734763
686,0.6866866866866866,0.8705198282644424,0.9209806183690189,0.008517682900541794,0.6000060431780011
687,0.6876876876876877,0.870558316076186,0.9206919437454562,0.007931401484507177,0.5997272204353831
688,0.6886886886886887,0.8705967995065518,0.9202914935285039,0.007344774770784924,0.5994110226019468
689,0.6896896896896897,0.870635278556288,0.9198907501731569,0.006757802454234098,0.5990946103945597
690,0.6906906906906907,0.8706737532261426,0.9194897133476189,0.0061704842293541845,0.5987779836010386
691,0.6916916916916916,0.8707122235168634,0.9190883827195924,0.0055828197902844925,0.5984611420089134
692,0.6926926926926927,0.8707506894291978,0.9186867579562781,0.004994808830803561,0.5981440854054264
693,0.6936936936936937,0.8707891509638934,0.9182848387243742,0.0,0.5963579965627558
694,0.6946946946946947,0.8708276081216975,0.9178826246900746,0.0,0.5962367442705907
695,0.6956956956956957,0.8708660609033568,0.9174801155190689,0.0,0.5961153921408086
696,0.6966966966966966,0.8709045093096188,0.9171166799233366,0.0,0.5960070630776518
697,0.6976976976976977,0.87094295334123,0.9168103434846704,0.0,0.5959177656086334
698,0.6986986986986987,0.8709813929989366,0.9165038360978979,0.0,0.5958284096989449
699,0.6996996996996997,0.8710198282834856,0.9161971576154905,0.0,0.5957389952996587
700,0.7007007007007007,0.8710582591956229,0.9158903078897505,0.0,0.5956495223617911
701,0.7017017017017017,0.8710966857360947,0.915583286772809,0.0,0.5955599908363012
702,0.7027027027027027,0.8711351079056466,0.9152760941166279,0.0,0.5954704006740915
703,0.7037037037037037,0.8711735257050249,0.9149687297729983,0.0,0.5953807518260077
704,0.7047047047047047,0.8712119391349747,0.9146611935935398,0.0,0.5952910442428382
705,0.7057057057057057,0.8712503481962416,0.9143534854297021,0.0,0.5952012778753145
706,0.7067067067067067,0.8712887528895706,0.9140456051327627,0.0,0.5951114526741111
707,0.7077077077077077,0.8713271532157071,0.9137375525538278,0.0,0.595021568589845
708,0.7087087087087087,0.8713655491753957,0.9135381443667795,0.0,0.5949678978473917
709,0.7097097097097097,0.871403940769381,0.9137421012424228,0.0,0.5950486806706013
710,0.7107107107107107,0.8714423279984079,0.9139459513149287,0.0,0.5951294264377789
711,0.7117117117117117,0.8714807108632205,0.9141496946681672,0.0,0.5952101351771293
712,0.7127127127127127,0.8715190893645632,0.9143533313859209,0.0,0.595290806916828
713,0.7137137137137137,0.8715574635031801,0.9145568615518843,0.0,0.5953714416850214
714,0.7147147147147147,0.8715958332798147,0.9147602852496645,0.0,0.5954520395098264
715,0.7157157157157157,0.8716341986952109,0.9149636025627811,0.0,0.5955326004193306
716,0.7167167167167167,0.8716725597501125,0.9151668135746664,0.0,0.595613124441593
717,0.7177177177177178,0.8717109164452622,0.9153699183686654,0.0,0.5956936116046426
718,0.7187187187187187,0.8717492687814037,0.9155729170280363,0.0,0.59577406193648
719,0.7197197197197197,0.8717876167592801,0.9157758096359502,0.0,0.5958544754650767
720,0.7207207207207207,0.8718259603796338,0.9159785962754906,0.0,0.5959348522183748
721,0.7217217217217217,0.8718642996432078,0.9161812770296552,0.0,0.5960151922242877
722,0.7227227227227228,0.8719026345507446,0.916383851981355,0.0,0.5960954955106998
723,0.7237237237237237,0.8719409651029865,0.9165863212134137,0.0,0.5961757621054667
724,0.7247247247247247,0.8719792913006755,0.9165972563365384,0.0,0.596192182545738
725,0.7257257257257257,0.8720176131445541,0.9164821336077286,0.0,0.5961665822507608
726,0.7267267267267267,0.8720559306353637,0.9163669864103611,0.0,0.596140972348575
727,0.7277277277277278,0.8720942437738459,0.9162518147366345,0.0,0.5961153528368268
728,0.7287287287287287,0.8721325525607425,0.9161366185787436,0.0,0.596089723713162
729,0.7297297297297297,0.8721708569967948,0.9160213979288799,0.0,0.5960640849752249
730,0.7307307307307307,0.8718546171805964,0.915906152779232,0.0,0.5959202566532761
731,0.7317317317317317,0.8714195956127331,0.9157908831219846,0.0,0.5957368262449059
732,0.7327327327327328,0.8709842384201013,0.9156755889493192,0.0,0.5955532757898069
733,0.7337337337337337,0.8705485452141425,0.9155602702534144,0.0,0.5953696051558522
734,0.7347347347347347,0.870112515605699,0.915444927026445,0.0,0.5951858142107147
735,0.7357357357357357,0.8696761492050114,0.9153295592605825,0.0,0.5950019028218646
736,0.7367367367367368,0.8692394456217174,0.9152141669479956,0.0,0.594817870856571
737,0.7377377377377378,0.8688024044648525,0.9150987500808491,0.0,0.5946337181819005
738,0.7387387387387387,0.8683650253428463,0.9149833086513044,0.0,0.5944494446647169
739,0.7397397397397397,0.8679273078635235,0.9148678426515202,0.0,0.5942650501716812
740,0.7407407407407407,0.8675099866844208,0.9147523520736512,0.0,0.5940874462526907
741,0.7417417417417418,0.8670924902688435,0.9146368369098491,0.0,0.5939097757262308
742,0.7427427427427428,0.8666746859167084,0.9145212971522624,0.0,0.5937319943563236
743,0.7437437437437437,0.8662565732871985,0.9144057327930357,0.0,0.5935541020267447
744,0.7447447447447447,0.8658381520389937,0.9142901438243107,0.0,0.5933760986211015
745,0.7457457457457457,0.86541942183027,0.9141745302382259,0.0,0.593197984022832
746,0.7467467467467468,0.865000382318698,0.914058892026916,0.0,0.5930197581152047
747,0.7477477477477478,0.8645810331614427,0.9139432291825124,0.0,0.5928414207813183
748,0.7487487487487487,0.8641613740151626,0.9138275416971435,0.0,0.592662971904102
749,0.7497497497497497,0.8637414045360075,0.9137118295629343,0.0,0.5924844113663139
750,0.7507507507507507,0.8633999505896732,0.9135960927720058,0.0,0.592332014453893
751,0.7517517517517518,0.8630845801341385,0.9134803313164767,0.0,0.5921883038168717
752,0.7527527527527528,0.8627690346194377,0.9133645451884614,0.0,0.5920445266026331
753,0.7537537537537538,0.8624533138997696,0.9132487343800714,0.0,0.591900682759947
754,0.7547547547547547,0.8621374178291715,0.9131328988834149,0.0,0.5917567722375288
755,0.7557557557557557,0.8618213462615181,0.9130170386905964,0.0,0.5916127949840382
756,0.7567567567567568,0.8615050990505216,0.912901153793717,0.0,0.5914687509480795
757,0.7577577577577578,0.8611886760497323,0.9118694532206543,0.0,0.5910193764234623
758,0.7587587587587588,0.8608720771125368,0.9107569080660212,0.0,0.5905429950595193
759,0.7597597597597597,0.8605553020921592,0.9096420855678311,0.0,0.5900657958866634
760,0.7607607607607607,0.8602383508416601,0.9089671619769868,0.0,0.589735170939549
761,0.7617617617617618,0.8599212232139364,0.9087226878858893,0.0,0.5895479703666086
762,0.7627627627627628,0.8596039190617213,0.9084781042087655,0.0,0.5893606744234956
763,0.7637637637637638,0.8592339624738599,0.9082334108719157,0.0,0.5891557911152585
764,0.7647647647647647,0.8583439931066376,0.9079886078015735,0.0,0.5887775336360703
765,0.7657657657657657,0.8574526340348736,0.9077436949239074,0.0,0.5883987763195937
766,0.7667667667667668,0.8565598820009478,0.9074986721650189,0.0,0.5880195180553223
767,0.7677677677677678,0.8556657337370513,0.9072535394509434,0.0,0.5876397577293316
768,0.7687687687687688,0.8549451697294487,0.90700829670765,0.0,0.5873178221456996
769,0.7697697697697697,0.8548672535792479,0.906762943861041,0.0,0.5872100658134296
770,0.7707707707707707,0.854789326824595,0.9065174808369524,0.0,0.5871022692205158
771,0.7717717717717718,0.8547113894633248,0.9062719075611536,0.0,0.5869944323414927
772,0.7727727727727728,0.8546334414932718,0.9060262239593473,0.0,0.5868865551508731
773,0.7737737737737738,0.8545554829122696,0.9057804299571693,0.0,0.5867786376231463
774,0.7747747747747747,0.8544775137181515,0.9055345254801885,0.0,0.58667067973278
775,0.7757757757757757,0.85439953390875,0.9052885104539071,0.0,0.5865626814542191
776,0.7767767767767768,0.8543215434818971,0.9044777821430775,0.0,0.5862664418749916
777,0.7777777777777778,0.8542435424354243,0.9036008676789588,0.0,0.5859481367047944
778,0.7787787787787788,0.8541655307671624,0.90272254823192,0.0,0.5856293596663608
779,0.7797797797797797,0.8540875084749414,0.9018428204226813,0.0,0.5853101096325409
780,0.7807807807807807,0.8540094755565912,0.901328058940996,0.0,0.5851125114991957
781,0.7817817817817818,0.8539314320099407,0.9011694094656353,0.0,0.585033613825192
782,0.7827827827827828,0.8538533778328183,0.901010714165329,0.0,0.5849546973327158
783,0.7837837837837838,0.853775313023052,0.9008519730202196,0.0,0.5848757620144238
784,0.7847847847847848,0.853697237578469,0.9006931860104384,0.0,0.5847968078629692
785,0.7857857857857857,0.8536191514968959,0.9005343531161051,0.0,0.5847178348710004
786,0.7867867867867868,0.8535410547761589,0.900375474317328,0.0,0.5846388430311623
787,0.7877877877877878,0.8534629474140834,0.9002165495942042,0.0,0.5845598323360958
788,0.7887887887887888,0.8533848294084942,0.9000575789268185,0.0,0.5844808027784376
789,0.7897897897897898,0.8533067007572159,0.8998985622952451,0.0,0.5844017543508203
790,0.7907907907907907,0.8532285614580719,0.899739499679546,0.0,0.5843226870458726
791,0.7917917917917918,0.8531504115088855,0.899580391059772,0.0,0.5842436008562192
792,0.7927927927927928,0.8530722509074792,0.8994212364159624,0.0,0.5841644957744805
793,0.7937937937937938,0.8529940796516747,0.8992620357281444,0.0,0.584085371793273
794,0.7947947947947948,0.8529158977392937,0.8991027889763346,0.0,0.5840062289052094
795,0.7957957957957957,0.8528377051681567,0.898943496140537,0.0,0.5839270671028979
796,0.7967967967967968,0.8527595019360839,0.898784157200745,0.0,0.583847886378943
797,0.7977977977977978,0.8526812880408947,0.8986247721369396,0.0,0.5837686867259447
798,0.7987987987987988,0.8526030634804084,0.8984653409290907,0.0,0.5836894681364997
799,0.7997997997997998,0.8525248282524431,0.8983058635571564,0.0,0.5836102306031998
800,0.8008008008008007,0.8524465823548167,0.8981463400010832,0.0,0.5835309741186333
801,0.8018018018018018,0.8523683257853463,0.8979867702408061,0.0,0.583451698675384
802,0.8028028028028028,0.8522900585418485,0.8978271542562483,0.0,0.5833724042660323
803,0.8038038038038038,0.8522117806221392,0.8976674920273217,0.0,0.5832930908831536
804,0.8048048048048048,0.8521334920240339,0.8974942285547218,0.0,0.5832092401929185
805,0.8058058058058059,0.8520551927453472,0.8972187536029076,0.0,0.5830913154494183
806,0.8068068068068068,0.8519768827838935,0.8969431409549162,0.0,0.5829733412462699
807,0.8078078078078078,0.8518985621374864,0.8966673905074808,0.0,0.5828553175483223
808,0.8088088088088088,0.8518202308039386,0.8963915021572308,0.0,0.5827372443203899
809,0.8098098098098098,0.8517418887810629,0.8961154758006931,0.0,0.582619121527252
810,0.8108108108108109,0.8516635360666709,0.8958393113342897,0.0,0.5825009491336536
811,0.8118118118118118,0.8515851726585738,0.8955630086543405,0.0,0.5823827271043047
812,0.8128128128128128,0.8515067985545823,0.89528656765706,0.0,0.5822644554038808
813,0.8138138138138138,0.8514284137525063,0.8950099882385604,0.0,0.5821461339970222
814,0.8148148148148148,0.8513500182501553,0.8947332702948483,0.0,0.5820277628483345
815,0.8158158158158159,0.8512716120453381,0.8944564137218269,0.0,0.5819093419223883
816,0.8168168168168168,0.8511931951358629,0.8941794184152952,0.0,0.5817908711837193
817,0.8178178178178178,0.8511147675195373,0.8939022842709475,0.0,0.5816723505968283
818,0.8188188188188188,0.8510363291941683,0.8936250111843734,0.0,0.5815537801261805
819,0.8198198198198198,0.8509578801575624,0.8910070982547901,0.0,0.5806549928041175
820,0.8208208208208209,0.8508794204075253,0.8895902845361157,0.0,0.580156568314547
821,0.8218218218218218,0.8508009499418623,0.8894141325947216,0.0,0.5800716941788613
822,0.8228228228228228,0.8507224687583781,0.8892379247560688,0.0,0.5799867978381489
823,0.8238238238238238,0.8506439768548766,0.8890616609935463,0.0,0.5799018792828076
824,0.8248248248248248,0.8504781218792365,0.8888853412805272,0.0,0.5797878210532547
825,0.8258258258258259,0.849656645172096,0.8887089655903667,0.0,0.5794552035874876
826,0.8268268268268268,0.8488339935302565,0.8885325338964039,0.0,0.5791221758088868
827,0.8278278278278278,0.8480101644311999,0.8883560461719604,0.0,0.5787887368677201
828,0.8288288288288288,0.8471851553451835,0.8881795023903409,0.0,0.5784548859118415
829,0.8298298298298298,0.8463589637352116,0.8880029025248337,0.0,0.5781206220866818
830,0.8308308308308309,0.8456975884310421,0.8878262465487092,0.0,0.5778412783265838
831,0.8318318318318318,0.8450902656176783,0.887649534435222,0.0,0.5775799333509668
832,0.8328328328328328,0.8444823033962016,0.8874727661576084,0.0,0.5773183565179366
833,0.8338338338338338,0.8438737007562978,0.8872959416890887,0.0,0.5770565474817955
834,0.8348348348348348,0.8432644566855224,0.8871190610028656,0.0,0.5767945058961294
835,0.8358358358358359,0.8426545701692961,0.8869421240721249,0.0,0.576532231413807
836,0.8368368368368369,0.8420440401908984,0.8867651308700356,0.0,0.5762697236869779
837,0.8378378378378378,0.8416766816993612,0.8865880813697492,0.0,0.5760882543563701
838,0.8388388388388388,0.8416257428182826,0.8864109755444006,0.0,0.5760122394542277
839,0.8398398398398398,0.8415747994567904,0.886233813367107,0.0,0.5759362042746324
840,0.8408408408408409,0.8415238516142934,0.8860565948109691,0.0,0.5758601488084208
841,0.8418418418418419,0.8414728992902009,0.8858793198490701,0.0,0.5757840730464237
842,0.8428428428428428,0.8414219424839209,0.8856789303607426,0.0,0.5757002909482212
843,0.8438438438438438,0.8413709811948621,0.8851687668917786,0.0,0.5755132493622136
844,0.8448448448448448,0.8413200154224331,0.8846581360781987,0.0,0.5753260505002106
845,0.8458458458458459,0.8412690451660422,0.884147037277529,0.0,0.575138694147857
846,0.8468468468468469,0.8412180704250974,0.8836354698461178,0.0,0.5749511800904051
847,0.8478478478478478,0.8411670911990071,0.8831234331391326,0.0,0.5747635081127133
848,0.8488488488488488,0.8411161074871792,0.8826109265105565,0.0,0.5745756779992452
849,0.8498498498498498,0.8410651192890216,0.8820979493131874,0.0,0.5743876895340697
850,0.8508508508508509,0.8410141266039421,0.8815754377764323,0.0,0.5741965214601249
851,0.8518518518518519,0.8409631294313485,0.8810272304626965,0.0,0.5739967866313483
852,0.8528528528528528,0.8409121277706484,0.8804784854664924,0.0,0.573796871079047
853,0.8538538538538538,0.840861121621249,0.8799292019963926,0.0,0.5735967745392139
854,0.8548548548548548,0.8408101109825582,0.8793793792594151,0.0,0.5733964967473244
855,0.8558558558558559,0.8407590958539829,0.8788290164610207,0.0,0.5731960374383346
856,0.8568568568568569,0.8407080762349303,0.8782781128051085,0.0,0.5729953963466796
857,0.8578578578578578,0.8406570521248076,0.8777266674940116,0.0,0.572794573206273
858,0.8588588588588588,0.8406060235230218,0.8774447597142984,0.0,0.5726835944124401
859,0.8598598598598598,0.8405549904289799,0.8771776024639433,0.0,0.5725775309643076
860,0.8608608608608609,0.8405039528420882,0.8769103180216532,0.0,0.5724714236212471
861,0.8618618618618619,0.8404529107617539,0.8766429062965737,0.0,0.5723652723527759
862,0.8628628628628628,0.8404018641873832,0.8763753671977634,0.0,0.5722590771283822
863,0.8638638638638638,0.8403508131183826,0.8761077006341949,0.0,0.5721528379175258
864,0.8648648648648649,0.8402997575541584,0.8758399065147531,0.0,0.5720465546896372
865,0.8658658658658659,0.8402486974941173,0.875571984748237,0.0,0.5719402274141182
866,0.8668668668668669,0.8401976329376649,0.8753039352433583,0.0,0.5718338560603411
867,0.8678678678678678,0.8401465638842074,0.8750357579087413,0.0,0.5717274405976496
868,0.8688688688688688,0.8400954903331508,0.8747674526529235,0.0,0.5716209809953581
869,0.8698698698698699,0.8400444122839009,0.8744990193843548,0.0,0.571514477222752
870,0.8708708708708709,0.8399933297358633,0.8742304580113983,0.0,0.5714079292490872
871,0.8718718718718719,0.8399422426884438,0.8739617684423289,0.0,0.5713013370435909
872,0.8728728728728729,0.839891151141048,0.8736929505853346,0.0,0.5711947005754608
873,0.8738738738738738,0.8398400550930809,0.8719218241042346,0.0,0.5705872930657718
874,0.8748748748748749,0.8397889545439481,0.869827548696825,0.0,0.5698721677469244
875,0.8758758758758759,0.8397378494930547,0.8694817227985254,0.0,0.5697398574305267
876,0.8768768768768769,0.8396867399398059,0.8693862853027419,0.0,0.5696910084141825
877,0.8778778778778779,0.8396356258836066,0.8692908316920759,0.0,0.5696421525252275
878,0.8788788788788788,0.8395845073238618,0.8691953619624455,0.0,0.5695932897621024
879,0.8798798798798799,0.839533384259976,0.8690998761097676,0.0,0.5695444201232479
880,0.8808808808808809,0.8394822566913541,0.8690043741299572,0.0,0.5694955436071037
881,0.8818818818818819,0.8394311246174007,0.8689088560189285,0.0,0.5694466602121097
882,0.8828828828828829,0.8393799880375201,0.8688133217725941,0.0,0.5693977699367047
883,0.8838838838838838,0.8393288469511169,0.8687177713868648,0.0,0.5693488727793272
884,0.8848848848848849,0.8392777013575949,0.8686222048576508,0.0,0.5692999687384153
885,0.8858858858858859,0.8392265512563588,0.8685266221808605,0.0,0.5692510578124065
886,0.8868868868868869,0.8391753966468123,0.8684310233524009,0.0,0.5692021399997377
887,0.8878878878878879,0.8391242375283594,0.8683354083681776,0.0,0.5691532152988457
888,0.8888888888888888,0.8390730739004039,0.868239777224095,0.0,0.5691042837081662
889,0.8898898898898899,0.8390219057623497,0.8681441299160558,0.0,0.5690553452261352
890,0.8908908908908909,0.8389707331136003,0.8680484664399618,0.0,0.5690063998511873
891,0.8918918918918919,0.838919555953559,0.8679527867917128,0.0,0.5689574475817573
892,0.8928928928928929,0.8388683742816297,0.8678570909672076,0.0,0.5689084884162791
893,0.8938938938938938,0.8388171880972154,0.8677613789623438,0.0,0.5688595223531864
894,0.8948948948948949,0.8387659973997192,0.867665650773017,0.0,0.568810549390912
895,0.8958958958958959,0.8387148021885444,0.8675699063951222,0.0,0.5687615695278888
896,0.8968968968968969,0.8386636024630941,0.8674741458245523,0.0,0.5687125827625489
897,0.8978978978978979,0.8386123982227709,0.8673783690571991,0.0,0.5686635890933234
898,0.8988988988988988,0.8385611894669776,0.8672825760889532,0.0,0.5686145885186437
899,0.8998998998998999,0.838509976195117,0.8671867669157034,0.0,0.5685655810369402
900,0.9009009009009009,0.8384587584065918,0.8670909415333373,0.0,0.5685165666466431
901,0.9019019019019019,0.8384075361008041,0.8669950999377413,0.0,0.5684675453461817
902,0.9029029029029029,0.8383563092771565,0.8668992421248002,0.0,0.5684185171339856
903,0.9039039039039038,0.8383050779350515,0.8668033680903974,0.0,0.5683694820084829
904,0.9049049049049049,0.8382538420738906,0.866707477830415,0.0,0.5683204399681019
905,0.9059059059059059,0.8382026016930764,0.8666115713407337,0.0,0.5682713910112701
906,0.9069069069069069,0.8381513567920107,0.8665156486172327,0.0,0.5682223351364145
907,0.9079079079079079,0.8381001073700952,0.86641970965579,0.0,0.5681732723419617
908,0.9089089089089089,0.8380488534267316,0.8663237544522817,0.0,0.5681242026263378
909,0.9099099099099099,0.8379975949613219,0.8662277830025834,0.0,0.5680751259879684
910,0.9109109109109109,0.8379463319732672,0.8661317953025682,0.0,0.5680260424252784
911,0.9119119119119119,0.8378950644619689,0.866035791348109,0.0,0.5679769519366927
912,0.9129129129129129,0.8378437924268286,0.8659397711350763,0.0,0.5679278545206349
913,0.9139139139139139,0.8377925158672473,0.8658437346593397,0.0,0.567878750175529
914,0.914914914914915,0.8377412347826263,0.8657476819167673,0.0,0.5678296388997979
915,0.9159159159159159,0.8376899491723663,0.8656516129032258,0.0,0.567780520691864
916,0.9169169169169169,0.8376386590358684,0.8655555276145804,0.0,0.5677313955501496
917,0.9179179179179179,0.8375873643725332,0.8654594260466951,0.0,0.5676822634730762
918,0.9189189189189189,0.8375360651817615,0.8634439302943784,0.0,0.56699333182538
919,0.91991991991992,0.8374847614629538,0.8613180285466906,0.0,0.5662675966698815
920,0.9209209209209209,0.8374334532155107,0.8602500086846662,0.0,0.565894487300059
921,0.9219219219219219,0.8373821404388323,0.8591820712297481,0.0,0.5655214038895268
922,0.9229229229229229,0.837330823132319,0.8581121305986076,0.0,0.5651476512436422
923,0.9239239239239239,0.837279501295371,0.8529017758564006,0.0,0.5633937590505905
924,0.924924924924925,0.8372281749273882,0.8524899176794569,0.0,0.5632393642022817
925,0.9259259259259259,0.8307188913482823,0.8520777636462742,0.0,0.5609322183315189
926,0.9269269269269269,0.8279267855100152,0.8516653134379472,0.0,0.5598640329826541
927,0.9279279279279279,0.8267521646070236,0.851252566735113,0.0,0.5593349104473789
928,0.9289289289289289,0.825575186993941,0.8508395232179488,0.0,0.5588049034039632
929,0.92992992992993,0.8243958455710378,0.850426182566172,0.0,0.5582740093790699
930,0.9309309309309309,0.822267282844478,0.8500125444590386,0.0,0.5574266091011723
931,0.9319319319319319,0.818203685374827,0.8495986085753434,0.0,0.5559340979833901
932,0.9329329329329329,0.8158128691941444,0.849184374593418,0.0,0.5549990812625208
933,0.933933933933934,0.8062234118827968,0.8487698421911308,0.0,0.5516644180246425
934,0.934934934934935,0.8020018600883142,0.8477801493193203,0.0,0.5499273364692115
935,0.9359359359359359,0.7961631466053969,0.8466887045053304,0.0,0.5476172837035758
936,0.9369369369369369,0.7906959853285641,0.8455951899799583,0.0,0.5454303917695075
937,0.9379379379379379,0.7872305125303327,0.8444995998504131,0.0,0.5439100374602486
938,0.938938938938939,0.7757753014607361,0.8436864373196722,0.0,0.5398205795934694
939,0.93993993993994,0.7603459615074389,0.8428872133557562,0.0,0.5344110582877317
940,0.9409409409409409,0.7550652064194936,0.842086883808079,0.0,0.5323840300758574
941,0.9419419419419419,0.7442597123990216,0.8412854463809856,0.0,0.528515052926669
942,0.9429429429429429,0.7333908104270215,0.8404828987724615,0.0,0.524624569733161
943,0.943943943943944,0.705796494379693,0.8384254848154713,0.0,0.5147406597317215
944,0.944944944944945,0.6769730626947899,0.8347458736003887,0.0,0.5039063120983928
945,0.9459459459459459,0.6568247821878025,0.8264118334773548,0.0,0.4944122052217191
946,0.9469469469469469,0.6403970385424986,0.8221268791144009,0.0,0.4875079725522998
947,0.9479479479479479,0.6257525804395576,0.8190803349288341,0.0,0.4816109717894639
948,0.948948948948949,0.5951935651709247,0.8025448342630581,0.0,0.46591279981132755
949,0.94994994994995,0.5401637627437319,0.793048434813587,0.0,0.4444040658524397
950,0.950950950950951,0.5181705809641534,0.7787892164673248,0.0,0.4323199324771594
951,0.9519519519519519,0.4879215353877827,0.7653402575178702,0.0,0.41775393096855096
952,0.9529529529529529,0.47213442362201585,0.7587146208099534,0.0,0.41028301481065643
953,0.953953953953954,0.4318014138380307,0.7332639724290401,0.0,0.3883551287556903
954,0.954954954954955,0.40639356814701355,0.7120862774265525,0.0,0.3728266151911887
955,0.955955955955956,0.3888482711164632,0.6901884318636434,0.0,0.3596789009933689
956,0.9569569569569569,0.37023905335740565,0.673199470451266,0.0,0.3478128412695572
957,0.9579579579579579,0.34347588173843924,0.6499473732084157,0.0,0.33114108498228495
958,0.958958958958959,0.29595851622734126,0.6318912845003155,0.0,0.3092832669092189
959,0.95995995995996,0.275881906252157,0.6009094214445704,0.0,0.2922637758989091
960,0.960960960960961,0.25532658050995477,0.5139457047229454,0.0,0.25642409507763336
961,0.9619619619619619,0.22382106641854363,0.44700325359614596,0.0,0.2236081066715632
962,0.9629629629629629,0.169905106190692,0.3737451737451747,0.0,0.18121675997862222
963,0.963963963963964,0.1572685518233626,0.3117047725832392,0.0,0.15632444146886726
964,0.964964964964965,0.117657403598245,0.22476876110630126,0.0,0.11414205490151541
965,0.965965965965966,0.08553451084352769,0.17225020670728514,0.0,0.08592823918360427
966,0.9669669669669669,0.024806896369915666,0.08384205381678725,0.0,0.03621631672890097
967,0.9679679679679679,0.01588002153821759,0.05730455432215094,0.0,0.024394858620122844
968,0.968968968968969,0.0,0.02344645069100627,0.0,0.007815483563668757
969,0.96996996996997,0.0,0.014852557161964116,0.0,0.004950852387321372
970,0.970970970970971,0.0,0.0,0.0,0.0
971,0.9719719719719719,0.0,0.0,0.0,0.0
972,0.9729729729729729,0.0,0.0,0.0,0.0
973,0.973973973973974,0.0,0.0,0.0,0.0
974,0.974974974974975,0.0,0.0,0.0,0.0
975,0.975975975975976,0.0,0.0,0.0,0.0
976,0.9769769769769769,0.0,0.0,0.0,0.0
977,0.9779779779779779,0.0,0.0,0.0,0.0
978,0.978978978978979,0.0,0.0,0.0,0.0
979,0.97997997997998,0.0,0.0,0.0,0.0
980,0.980980980980981,0.0,0.0,0.0,0.0
981,0.9819819819819819,0.0,0.0,0.0,0.0
982,0.9829829829829829,0.0,0.0,0.0,0.0
983,0.983983983983984,0.0,0.0,0.0,0.0
984,0.984984984984985,0.0,0.0,0.0,0.0
985,0.985985985985986,0.0,0.0,0.0,0.0
986,0.986986986986987,0.0,0.0,0.0,0.0
987,0.9879879879879879,0.0,0.0,0.0,0.0
988,0.988988988988989,0.0,0.0,0.0,0.0
989,0.98998998998999,0.0,0.0,0.0,0.0
990,0.990990990990991,0.0,0.0,0.0,0.0
991,0.991991991991992,0.0,0.0,0.0,0.0
992,0.992992992992993,0.0,0.0,0.0,0.0
993,0.993993993993994,0.0,0.0,0.0,0.0
994,0.994994994994995,0.0,0.0,0.0,0.0
995,0.995995995995996,0.0,0.0,0.0,0.0
996,0.996996996996997,0.0,0.0,0.0,0.0
997,0.997997997997998,0.0,0.0,0.0,0.0
998,0.998998998998999,0.0,0.0,0.0,0.0
999,1.0,0.0,0.0,0.0,0.0
